nom,debut,fin,genre,lateralite,set,systeme,coup,type_service,type_coup,zone_jeu,faute,effet_coup,coor_balle_x,coor_balle_y,coor_balle_z,joueur_frappe,joueur_sur,coor_frappe_x,coor_frappe_y,coor_frappe_z,time_frappe,premier_rebond_x,premier_rebond_y,premier_rebond_z,time_premier_rebond,probleme_annotation
ALEXIS-LEBRUN,0,57,garcon,coup_droit,1,att/att,ALEXIS-LEBRUN,lat_droit,,d2,,,28.871550369262696,54.84508412679036,2,ALEXIS-LEBRUN,MA-LONG,5.203843307495117,-154.060449608167,100,45,55.72814865112305,-85.21255340576172,2,48,
MA-LONG,58,72,garcon,coup_droit,1,att/att,MA-LONG,,defensif,g3,,poussette,59.717942810058595,-105.23505562146505,2,MA-LONG,ALEXIS-LEBRUN,-18.37574710845947,101.04251708984376,100,62,,,,,
ALEXIS-LEBRUN,73,82,garcon,revers,1,att/att,ALEXIS-LEBRUN,,offensif,d2,,topspin,42.78491325378418,81.82420603434245,2,ALEXIS-LEBRUN,MA-LONG,19.11669158935547,-159.2676673412323,100,76,,,,,
MA-LONG,83,91,garcon,coup_droit,1,att/att,serveur_point_contre,,intermediaire,d3,pt_gagne,topspin,-59.694903469085695,-127.74793758392335,2,MA-LONG,ALEXIS-LEBRUN,-14.326146697998047,229.94120610555012,100,86,,,,,
ALEXIS-LEBRUN,322,339,garcon,coup_droit,1,att/att,ALEXIS-LEBRUN,lat_droit,,m2,,,-13.827532958984374,65.14687678019206,2,ALEXIS-LEBRUN,MA-LONG,-9.465325927734375,-178.93352502187093,100,325,13.328049468994141,-71.05814094543457,2,329,
MA-LONG,340,353,garcon,coup_droit,1,att/att,MA-LONG,,defensif,m2,,poussette,1.2689159393310547,-90.30916760762533,2,MA-LONG,ALEXIS-LEBRUN,-44.02908477783203,97.74756075541178,100,341,,,,,
ALEXIS-LEBRUN,354,364,garcon,coup_droit,1,att/att,ALEXIS-LEBRUN,,offensif,d3,,topspin,47.37471237182617,92.52886403401693,2,ALEXIS-LEBRUN,MA-LONG,-57.34247531890869,-156.10150039990742,100,360,,,,,
MA-LONG,365,381,garcon,coup_droit,1,att/att,serveur_point_pour,,intermediaire,,filet,topspin,,,,MA-LONG,ALEXIS-LEBRUN,33.62426834106445,236.19720357259115,100,366,,,,,
MA-LONG,763,783,garcon,coup_droit,1,att/att,MA-LONG,lat_droit,,m2,,,-0.7454345703125,-60.27464669545491,2,MA-LONG,ALEXIS-LEBRUN,-95.34067783355712,184.26649119059246,100,770,-38.884971618652344,91.17696736653646,2,774,
ALEXIS-LEBRUN,784,795,garcon,coup_droit,1,att/att,ALEXIS-LEBRUN,,intermediaire,g3,,flip,-41.48458480834961,91.43015619913737,2,ALEXIS-LEBRUN,MA-LONG,-3.5504901885986326,-92.07839730580648,100,786,,,,,
MA-LONG,796,809,garcon,coup_droit,1,att/att,MA-LONG,,intermediaire,g2,,topspin,33.88582420349121,-75.56730270385742,2,MA-LONG,ALEXIS-LEBRUN,-53.41264505386353,209.4372309366862,100,802,,,,,
ALEXIS-LEBRUN,810,817,garcon,revers,1,att/att,serveur_point_contre,,offensif,d3,pt_gagne,topspin,34.462063217163085,130.67123730977377,2,ALEXIS-LEBRUN,MA-LONG,41.38636093139648,-175.4087450345357,100,811,,,,,
MA-LONG,1209,1228,garcon,coup_droit,1,att/att,MA-LONG,lat_droit,,m2,,,24.89193229675293,-70.46601111094157,2,MA-LONG,ALEXIS-LEBRUN,-109.94993209838867,180.31483612060546,100,1216,-51.923247241973876,100.08799832661947,2,1219,
ALEXIS-LEBRUN,1229,1247,garcon,revers,1,att/att,serveur_point_pour,,defensif,,filet,poussette,,,,ALEXIS-LEBRUN,MA-LONG,24.5138298034668,-98.51657784779867,100,1230,,,,,
ALEXIS-LEBRUN,1483,1501,garcon,coup_droit,1,att/att,ALEXIS-LEBRUN,lat_droit,,g2,,,-47.00476016998291,66.13879725138347,2,ALEXIS-LEBRUN,MA-LONG,16.752462005615236,-163.79362023671467,100,1487,29.52321853637695,-64.64072993596395,2,1491,
MA-LONG,1502,1515,garcon,revers,1,att/att,MA-LONG,,defensif,d2,,poussette,-53.881116485595705,-80.53213990529379,2,MA-LONG,ALEXIS-LEBRUN,-93.26913394927979,99.64196510314942,100,1504,,,,,
ALEXIS-LEBRUN,1516,1527,garcon,coup_droit,1,att/att,ALEXIS-LEBRUN,,offensif,g3,,topspin,-59.621800899505615,131.71517524719238,2,ALEXIS-LEBRUN,MA-LONG,-115.84212894439698,-153.83231573899587,100,1522,,,,,
MA-LONG,1528,1537,garcon,revers,1,att/att,MA-LONG,,intermediaire,m3,,bloc,-6.093025970458984,-102.34431471824647,2,MA-LONG,ALEXIS-LEBRUN,-106.70698223114013,213.6945452372233,100,1529,,,,,
ALEXIS-LEBRUN,1538,1546,garcon,coup_droit,1,att/att,ALEXIS-LEBRUN,,intermediaire,m2,,topspin,19.902910232543945,74.01742261250814,2,ALEXIS-LEBRUN,MA-LONG,-27.046385192871092,-207.791446908315,100,1540,,,,,
MA-LONG,1547,1557,garcon,coup_droit,1,att/att,MA-LONG,,intermediaire,d2,,topspin,-72.49730421304703,-61.64324086507161,2,MA-LONG,ALEXIS-LEBRUN,-33.955679702758786,296.98705139160154,100,1551,,,,,
ALEXIS-LEBRUN,1558,1569,garcon,coup_droit,1,att/att,serveur_point_pour,,intermediaire,,out,bloc,,,,ALEXIS-LEBRUN,MA-LONG,-149.6053581237793,-232.33393115997313,100,1562,,,,,
ALEXIS-LEBRUN,1843,1866,garcon,revers,1,att/att,ALEXIS-LEBRUN,lat_gauche,,d2,,,28.756685256958008,46.37196846008301,2,ALEXIS-LEBRUN,MA-LONG,-79.13377120494843,-175.62552947998046,100,1852,-13.141458892822266,-81.1334459622701,2,1856,
MA-LONG,1867,1881,garcon,coup_droit,1,att/att,MA-LONG,,defensif,d2,,poussette,-35.58564014434815,-72.07867886225382,2,MA-LONG,ALEXIS-LEBRUN,15.420329666137695,88.7606637318929,100,1871,,,,,
ALEXIS-LEBRUN,1882,1897,garcon,revers,1,att/att,ALEXIS-LEBRUN,,defensif,m2,,poussette,14.988838958740235,55.8010139465332,2,ALEXIS-LEBRUN,MA-LONG,-95.27643404006957,-112.53852084477742,100,1886,,,,,
MA-LONG,1898,1907,garcon,coup_droit,1,att/att,MA-LONG,,offensif,d2,,topspin,-53.799329090118405,-72.98688100179037,2,MA-LONG,ALEXIS-LEBRUN,-10.837553787231446,107.5956029256185,100,1904,,,,,
ALEXIS-LEBRUN,1908,1921,garcon,coup_droit,1,att/att,ALEXIS-LEBRUN,,intermediaire,m2,,bloc,-6.362163162231445,71.89792861938477,2,ALEXIS-LEBRUN,MA-LONG,-198.01465377807617,-264.39369271596274,100,1911,,,,,
MA-LONG,1922,1933,garcon,revers,1,att/att,MA-LONG,,intermediaire,m2,,bloc,-20.489550018310545,-75.71688340504964,2,MA-LONG,ALEXIS-LEBRUN,-25.57769832611084,131.73090591430665,100,1923,,,,,
ALEXIS-LEBRUN,1934,1949,garcon,revers,1,att/att,ALEXIS-LEBRUN,,offensif,g3,,topspin,-62.50205373764038,115.0868148803711,2,ALEXIS-LEBRUN,MA-LONG,-90.58189153671265,-211.1390173594157,100,1942,,,,,
MA-LONG,1950,1958,garcon,revers,1,att/att,MA-LONG,,intermediaire,g2,,topspin,55.64911727905273,-90.6544583638509,2,MA-LONG,ALEXIS-LEBRUN,-118.57552795410156,214.38495254516602,100,1951,,,,,
ALEXIS-LEBRUN,1959,1974,garcon,revers,1,att/att,serveur_point_pour,,intermediaire,,out,topspin,,,,ALEXIS-LEBRUN,MA-LONG,51.84376831054688,-204.87394819259643,100,1961,,,,,
MA-LONG,2639,2661,garcon,coup_droit,1,att/att,MA-LONG,lat_droit,,m2,,,-15.496900367736817,-72.53412348429362,2,MA-LONG,ALEXIS-LEBRUN,-112.83238830566407,188.9062192281087,100,2648,-49.473457717895506,81.54225603739421,2,2651,
ALEXIS-LEBRUN,2662,2672,garcon,revers,1,att/att,ALEXIS-LEBRUN,,offensif,g3,,flip,-59.703242206573485,124.01146863301595,2,ALEXIS-LEBRUN,MA-LONG,-13.673101425170898,-124.68385775089264,100,2666,,,,,
MA-LONG,2673,2680,garcon,revers,1,att/att,MA-LONG,,intermediaire,g3,,topspin,54.95889739990234,-137,2,MA-LONG,ALEXIS-LEBRUN,-112.90350131988525,180.80811360677083,100,2673,,,,,
ALEXIS-LEBRUN,2681,2687,garcon,revers,1,att/att,ALEXIS-LEBRUN,,intermediaire,g3,,topspin,-46.62008924484253,101.0570457458496,2,ALEXIS-LEBRUN,MA-LONG,47.783495330810545,-186.64324169158937,100,2681,,,,,
MA-LONG,2688,2702,garcon,revers,1,att/att,serveur_point_pour,,intermediaire,,out,bloc,,,,MA-LONG,ALEXIS-LEBRUN,-139.94387435913086,213.5520807902018,100,2689,,,,,
MA-LONG,3062,3085,garcon,coup_droit,1,att/att,MA-LONG,lat_droit,,m2,,,-10.334228897094727,-51.949456787109376,2,MA-LONG,ALEXIS-LEBRUN,-104.02844095230103,185.7651377360026,100,3073,-49.373661041259766,90.67431767781575,2,3077,
ALEXIS-LEBRUN,3086,3098,garcon,coup_droit,1,att/att,ALEXIS-LEBRUN,,defensif,m2,,poussette,-8.91773796081543,63.309437306722,2,ALEXIS-LEBRUN,MA-LONG,-23.037478256225587,-80.25366528828938,100,3088,,,,,
MA-LONG,3099,3111,garcon,coup_droit,1,att/att,MA-LONG,,defensif,m3,,poussette,1.159762191772461,-98.90698757171631,2,MA-LONG,ALEXIS-LEBRUN,-31.072107315063477,97.91537195841471,100,3101,,,,,
ALEXIS-LEBRUN,3112,3122,garcon,revers,1,att/att,ALEXIS-LEBRUN,,intermediaire,m3,,topspin,-23.363450050354004,104.56388702392579,2,ALEXIS-LEBRUN,MA-LONG,-34.10517902374268,-165.00148897171022,100,3115,,,,,
MA-LONG,3123,3133,garcon,revers,1,att/att,MA-LONG,,intermediaire,g3,,bloc,55.27415313720703,-116.47637891769409,2,MA-LONG,ALEXIS-LEBRUN,-61.87000298500061,175.38833262125652,100,3124,,,,,
ALEXIS-LEBRUN,3134,3141,garcon,revers,1,att/att,serveur_point_contre,,offensif,d3,pt_gagne,topspin,38.95672607421875,128.62114639282225,2,ALEXIS-LEBRUN,MA-LONG,29.787760543823243,-210.32050005594888,100,3136,,,,,
ALEXIS-LEBRUN,3710,3744,garcon,coup_droit,1,att/att,ALEXIS-LEBRUN,lat_droit,,d2,,,47.07937393188477,71.66632372538248,2,ALEXIS-LEBRUN,MA-LONG,7.454077529907226,-162.2607882340749,100,3731,58.07475128173828,-71.48328269322714,2,3734,
MA-LONG,3745,3755,garcon,coup_droit,1,att/att,MA-LONG,,offensif,m3,,topspin,0.99615478515625,-111.79441281954448,2,MA-LONG,ALEXIS-LEBRUN,-5.5827068328857425,134.90228157043458,100,3749,,,,,
ALEXIS-LEBRUN,3756,3766,garcon,revers,1,att/att,ALEXIS-LEBRUN,,intermediaire,g2,,bloc,-41.535338401794434,86.89517733256022,2,ALEXIS-LEBRUN,MA-LONG,-42.136542892456056,-197.1319862683614,100,3757,,,,,
MA-LONG,3767,3775,garcon,revers,1,att/att,MA-LONG,,intermediaire,m3,,topspin,22.26030502319336,-95.88647737503052,2,MA-LONG,ALEXIS-LEBRUN,-87.11634068489074,147.98286259969075,100,3768,,,,,
ALEXIS-LEBRUN,3776,3795,garcon,revers,1,att/att,serveur_point_pour,,offensif,,out,topspin,,,,ALEXIS-LEBRUN,MA-LONG,29.069338989257812,-262.7294212341309,100,3780,,,,,
ALEXIS-LEBRUN,4087,4113,garcon,coup_droit,1,att/att,ALEXIS-LEBRUN,lat_droit,,g3,,,-62.40498046875,124.34822336832683,2,ALEXIS-LEBRUN,MA-LONG,50.34573822021484,-159.11258177757264,100,4101,52.960731506347656,-127.56973834832509,2,4102,
MA-LONG,4114,4121,garcon,revers,1,att/att,MA-LONG,,intermediaire,m2,,topspin,6.339651107788086,-65.70343840916952,2,MA-LONG,ALEXIS-LEBRUN,-78.70369701385498,145.21410840352377,100,4114,,,,,
ALEXIS-LEBRUN,4122,4131,garcon,revers,1,att/att,ALEXIS-LEBRUN,,offensif,g2,,topspin,-41.55225143432617,85.38381385803223,2,ALEXIS-LEBRUN,MA-LONG,9.197254180908203,-208.52288808822632,100,4126,,,,,
MA-LONG,4132,4147,garcon,revers,1,att/att,serveur_point_pour,,intermediaire,,out,topspin,,,,MA-LONG,ALEXIS-LEBRUN,-115.66030025482178,205.67267150878905,100,4133,,,,,
MA-LONG,4695,4719,garcon,coup_droit,1,att/att,MA-LONG,lat_droit,,m2,,,-3.098821258544922,-56.0432627360026,2,MA-LONG,ALEXIS-LEBRUN,-137.07482681274413,184.84516372680665,100,4706,-62.69601998329163,96.58117446899413,2,4710,
ALEXIS-LEBRUN,4720,4731,garcon,revers,1,att/att,ALEXIS-LEBRUN,,intermediaire,d3,,flip,31.93923454284668,112.58910547892252,2,ALEXIS-LEBRUN,MA-LONG,8.170158004760742,-106.89696445465088,100,4725,,,,,
MA-LONG,4732,4746,garcon,coup_droit,1,att/att,MA-LONG,,intermediaire,g3,,topspin,33.38787002563477,-111.69407102266948,2,MA-LONG,ALEXIS-LEBRUN,13.164021682739257,279.2051958719889,100,4737,,,,,
ALEXIS-LEBRUN,4747,4757,garcon,revers,1,att/att,ALEXIS-LEBRUN,,intermediaire,g2,,bloc,-52.03907270431519,89.40267702738444,2,ALEXIS-LEBRUN,MA-LONG,-9.447539520263671,-177.49570633570355,100,4747,,,,,
MA-LONG,4758,4777,garcon,revers,1,att/att,serveur_point_pour,,intermediaire,,out,topspin,,,,MA-LONG,ALEXIS-LEBRUN,-164.81909294128417,282.91435826619465,100,4764,,,,,
MA-LONG,5246,5271,garcon,coup_droit,1,att/att,MA-LONG,lat_droit,,m1,,,-12.590457153320312,-35.99718411763509,2,MA-LONG,ALEXIS-LEBRUN,-146.38274955749512,188.06728515625,100,5257,-54.53587951660156,104.95804214477539,2,5261,
ALEXIS-LEBRUN,5272,5286,garcon,coup_droit,1,att/att,ALEXIS-LEBRUN,,defensif,m2,,poussette,7.815234375,49.08495979309082,2,ALEXIS-LEBRUN,MA-LONG,-43.41914653778076,-81.433944384257,100,5277,,,,,
MA-LONG,5287,5301,garcon,coup_droit,1,att/att,MA-LONG,,defensif,d2,,poussette,-51.01256904602051,-59.29605286916097,2,MA-LONG,ALEXIS-LEBRUN,-13.488228607177735,93.13074061075847,100,5291,,,,,
ALEXIS-LEBRUN,5302,5322,garcon,coup_droit,1,att/att,serveur_point_pour,,offensif,,out,flip,,,,ALEXIS-LEBRUN,MA-LONG,-118.41203289031982,-111.2547577381134,100,5307,,,,,
ALEXIS-LEBRUN,5728,5744,garcon,coup_droit,1,att/att,ALEXIS-LEBRUN,lat_droit,,d2,,,33.41834754943848,54.532003784179686,2,ALEXIS-LEBRUN,MA-LONG,-52.43933572769165,-189.85424887339275,100,5731,-3.6587234497070313,-100.7138693968455,2,5734,
MA-LONG,5745,5757,garcon,coup_droit,1,att/att,MA-LONG,,intermediaire,m3,,flip,1.0688514709472656,-106.06804496447245,2,MA-LONG,ALEXIS-LEBRUN,25.04679145812988,112.02152976989746,100,5750,,,,,
ALEXIS-LEBRUN,5758,5766,garcon,revers,1,att/att,ALEXIS-LEBRUN,,intermediaire,g2,,topspin,-57.570411682128906,71.52060165405274,2,ALEXIS-LEBRUN,MA-LONG,-39.09603481292724,-155.3285157998403,100,5759,,,,,
MA-LONG,5767,5775,garcon,revers,1,att/att,MA-LONG,,intermediaire,m3,,topspin,3.4709152221679687,-104.44061555862427,2,MA-LONG,ALEXIS-LEBRUN,-119.02269592285157,162.28634185791014,100,5768,,,,,
ALEXIS-LEBRUN,5776,5783,garcon,revers,1,att/att,ALEXIS-LEBRUN,,offensif,g3,,topspin,-46.51959314346313,110.17956097920735,2,ALEXIS-LEBRUN,MA-LONG,-9.536464309692382,-184.6834017753601,100,5777,,,,,
MA-LONG,5784,5791,garcon,revers,1,att/att,MA-LONG,,intermediaire,m2,,topspin,1.4509693145751954,-75.96842600504557,2,MA-LONG,ALEXIS-LEBRUN,-103.69244527816772,222.7884735107422,100,5785,,,,,
ALEXIS-LEBRUN,5792,5807,garcon,revers,1,att/att,serveur_point_pour,,offensif,,out,topspin,,,,ALEXIS-LEBRUN,MA-LONG,-29.488943099975586,-202.38151718775433,100,5795,,,,,
ALEXIS-LEBRUN,6241,6277,garcon,coup_droit,1,att/att,ALEXIS-LEBRUN,lat_droit,,g3,,,-46.70379009246826,93.45920321146647,2,ALEXIS-LEBRUN,MA-LONG,28.06076850891113,-171.92015821139017,100,6267,46.51618118286133,-122.80410726865132,2,6268,
MA-LONG,6278,6287,garcon,revers,1,att/att,MA-LONG,,intermediaire,m3,,topspin,12.49367561340332,-134.79191838701567,2,MA-LONG,ALEXIS-LEBRUN,-107.30003280639649,147.63713633219402,100,6280,,,,,
ALEXIS-LEBRUN,6288,6310,garcon,coup_droit,1,att/att,serveur_point_pour,,intermediaire,,out,topspin,,,,ALEXIS-LEBRUN,MA-LONG,-50.98217849731445,-294.91001103719077,100,6293,,,,,
MA-LONG,6772,6820,garcon,coup_droit,1,att/att,MA-LONG,lat_droit,,d2,,,-27.75181484222412,-53.99006226857503,2,MA-LONG,ALEXIS-LEBRUN,-130.84574642181397,195.3330416361491,100,6807,-51.972897338867185,95.50763918558756,2,6811,
ALEXIS-LEBRUN,6821,6833,garcon,coup_droit,1,att/att,ALEXIS-LEBRUN,,defensif,m2,,poussette,-6.434504699707031,66.05051040649414,2,ALEXIS-LEBRUN,MA-LONG,-38.35426044464111,-90.05757710138957,100,6823,,,,,
MA-LONG,6834,6847,garcon,coup_droit,1,att/att,MA-LONG,,defensif,d2,,poussette,-27.976380920410158,-73.17313610712687,2,MA-LONG,ALEXIS-LEBRUN,-20.95190601348877,95.3743901570638,100,6836,,,,,
ALEXIS-LEBRUN,6848,6856,garcon,revers,1,att/att,ALEXIS-LEBRUN,,offensif,g3,,topspin,-49.0739049911499,118.10391502380371,2,ALEXIS-LEBRUN,MA-LONG,-86.89660897254944,-119.58962470690409,100,6852,,,,,
MA-LONG,6857,6869,garcon,revers,1,att/att,MA-LONG,,intermediaire,m3,,bloc,-8.484428024291992,-99.64627230962118,2,MA-LONG,ALEXIS-LEBRUN,-92.06605815887451,226.81235376993814,100,6858,,,,,
ALEXIS-LEBRUN,6870,6881,garcon,revers,1,att/att,ALEXIS-LEBRUN,,intermediaire,g3,,bloc,-36.00650539398193,116.52865333557129,2,ALEXIS-LEBRUN,MA-LONG,-36.56906032562256,-157.96243352890014,100,6871,,,,,
MA-LONG,6882,6900,garcon,coup_droit,1,att/att,MA-LONG,,offensif,m2,,topspin,-5.949321365356445,-90.80452248255412,2,MA-LONG,ALEXIS-LEBRUN,-55.1357141494751,299.88515243530276,100,6893,,,,,
ALEXIS-LEBRUN,6901,6911,garcon,revers,1,att/att,serveur_point_pour,,intermediaire,,out,topspin,,,,ALEXIS-LEBRUN,MA-LONG,-50.214048862457275,-225.1831844965617,100,6903,,,,,
MA-LONG,7371,7393,garcon,coup_droit,1,att/att,MA-LONG,lat_gauche,,d2,,,-27.82094554901123,-59.89517701466878,2,MA-LONG,ALEXIS-LEBRUN,-109.89255390167236,186.77667363484701,100,7381,-62.69601998329163,96.58117446899413,2,7384,
ALEXIS-LEBRUN,7394,7405,garcon,coup_droit,1,att/att,ALEXIS-LEBRUN,,intermediaire,g3,,flip,-43.658317184448244,131.13814023335775,2,ALEXIS-LEBRUN,MA-LONG,-43.552896118164064,-93.38509661356608,100,7396,,,,,
MA-LONG,7406,7415,garcon,revers,1,att/att,MA-LONG,,intermediaire,m2,,topspin,11.00303840637207,-69.75559206008911,2,MA-LONG,ALEXIS-LEBRUN,-78.39181337356567,176.61846033732095,100,7407,,,,,
ALEXIS-LEBRUN,7416,7423,garcon,revers,1,att/att,serveur_point_contre,,offensif,d3,pt_gagne,topspin,43.37274169921875,123.78730227152506,2,ALEXIS-LEBRUN,MA-LONG,-11.793025970458984,-170.65023565292358,100,7418,,,,,
ALEXIS-LEBRUN,7806,7820,garcon,coup_droit,1,att/att,ALEXIS-LEBRUN,lat_droit,,g2,,,-41.873291015625,56.697017415364584,2,ALEXIS-LEBRUN,MA-LONG,0.16215057373046876,-177.48962659835814,100,7807,6.100940704345703,-84.27341690063477,2,7811,
MA-LONG,7821,7834,garcon,revers,1,att/att,MA-LONG,,defensif,d2,,poussette,-27.855496406555176,-62.84685465494792,2,MA-LONG,ALEXIS-LEBRUN,-84.84519166946411,90.93644320170084,100,7824,,,,,
ALEXIS-LEBRUN,7835,7849,garcon,coup_droit,1,att/att,ALEXIS-LEBRUN,,defensif,g3,,poussette,-48.90713567733765,133.3642822265625,2,ALEXIS-LEBRUN,MA-LONG,-48.914740562438965,-107.23909557660421,100,7838,,,,,
MA-LONG,7850,7860,garcon,coup_droit,1,att/att,MA-LONG,,intermediaire,g2,,topspin,51.34503860473633,-89.60247217814127,2,MA-LONG,ALEXIS-LEBRUN,-89.20960841178893,226.21375223795573,100,7853,,,,,
ALEXIS-LEBRUN,7861,7868,garcon,revers,1,att/att,ALEXIS-LEBRUN,,offensif,g3,,topspin,-30.726008033752443,127.91641947428386,2,ALEXIS-LEBRUN,MA-LONG,41.09716873168945,-195.9440726598104,100,7862,,,,,
MA-LONG,7869,7879,garcon,revers,1,att/att,MA-LONG,,intermediaire,g3,,bloc,55.31359634399414,-113.7603912671407,2,MA-LONG,ALEXIS-LEBRUN,-118.39342021942139,235.60166803995767,100,7870,,,,,
ALEXIS-LEBRUN,7880,7891,garcon,coup_droit,1,att/att,ALEXIS-LEBRUN,,intermediaire,m2,,topspin,19.88400764465332,72.59061800638834,2,ALEXIS-LEBRUN,MA-LONG,39.752903366088866,-291.4012709299723,100,7886,,,,,
MA-LONG,7892,7902,garcon,coup_droit,1,att/att,MA-LONG,,offensif,d3,,topspin,-54.28943920135498,-118.20117993354798,2,MA-LONG,ALEXIS-LEBRUN,-127.16025276184082,272.12423553466795,100,7897,,,,,
ALEXIS-LEBRUN,7903,7918,garcon,coup_droit,1,att/att,serveur_point_pour,,intermediaire,,out,topspin,,,,ALEXIS-LEBRUN,MA-LONG,-165.79485931396485,-307.07983347574867,100,7906,,,,,
ALEXIS-LEBRUN,8261,8273,garcon,coup_droit,1,att/att,ALEXIS-LEBRUN,lat_droit,,d2,,,29.13981056213379,74.63436787923177,2,ALEXIS-LEBRUN,MA-LONG,14.48971061706543,-159.89394996960957,100,8262,58.05492095947265,-72.84231303532918,2,8264,
MA-LONG,8274,8288,garcon,coup_droit,1,att/att,MA-LONG,,defensif,m2,,poussette,-18.18110408782959,-90.1856653213501,2,MA-LONG,ALEXIS-LEBRUN,-6.036281967163086,98.2396188100179,100,8276,,,,,
ALEXIS-LEBRUN,8289,8298,garcon,coup_droit,1,att/att,ALEXIS-LEBRUN,,offensif,m3,,topspin,22.811582183837892,118.01703923543295,2,ALEXIS-LEBRUN,MA-LONG,-87.09263181686401,-139.70644940932593,100,8293,,,,,
MA-LONG,8299,8313,garcon,coup_droit,1,att/att,MA-LONG,,intermediaire,g2,,bloc,47.39460067749023,-61.0743324915568,2,MA-LONG,ALEXIS-LEBRUN,8.520261764526367,290.80756454467775,100,8302,,,,,
ALEXIS-LEBRUN,8314,8326,garcon,revers,1,att/att,ALEXIS-LEBRUN,,intermediaire,g2,,bloc,-71.01629338264465,83.43526674906413,2,ALEXIS-LEBRUN,MA-LONG,12.882606506347656,-105.08344761530559,100,8315,,,,,
MA-LONG,8327,8339,garcon,revers,1,att/att,MA-LONG,,offensif,g3,,topspin,33.52181167602539,-101.97625325520833,2,MA-LONG,ALEXIS-LEBRUN,-192.1833068847656,142.24707463582357,100,8335,,,,,
ALEXIS-LEBRUN,8340,8358,garcon,revers,1,att/att,serveur_point_pour,,intermediaire,,out,bloc,,,,ALEXIS-LEBRUN,MA-LONG,36.612921142578124,-200.8349034309387,100,8341,,,,,
MA-LONG,8502,8574,garcon,coup_droit,2,att/att,MA-LONG,lat_droit,,g2,,,-49.623038578033444,67.85462455749511,2,MA-LONG,ALEXIS-LEBRUN,52.41132431030273,-165.59401512145996,100,8561,38.091845703125,-94.69407364527385,2,8564,
ALEXIS-LEBRUN,8575,8585,garcon,revers,2,att/att,ALEXIS-LEBRUN,,offensif,g2,,topspin,36.01329307556152,-83.76714811325073,2,ALEXIS-LEBRUN,MA-LONG,-116.43443298339844,116.51318397521973,100,8579,,,,,
MA-LONG,8586,8603,garcon,revers,2,att/att,serveur_point_pour,,intermediaire,,out,topspin,,,,MA-LONG,ALEXIS-LEBRUN,34.881971740722655,-165.39936989148458,100,8588,,,,,
MA-LONG,8913,8935,garcon,coup_droit,2,att/att,MA-LONG,lat_droit,,g2,,,-41.771975898742674,65.75007731119791,2,MA-LONG,ALEXIS-LEBRUN,32.47173233032227,-178.15999603271484,100,8921,44.61468086242676,-102.43879017829894,2,8924,
ALEXIS-LEBRUN,8936,8946,garcon,revers,2,att/att,ALEXIS-LEBRUN,,defensif,m2,,poussette,-0.6546180725097657,-53.07541020711263,2,ALEXIS-LEBRUN,MA-LONG,-73.70461732149124,89.89691263834635,100,8937,,,,,
MA-LONG,8947,8960,garcon,coup_droit,2,att/att,MA-LONG,,defensif,m2,,poussette,10.27869529724121,56.12534790039062,2,MA-LONG,ALEXIS-LEBRUN,-8.448659515380859,-96.7551220258077,100,8951,,,,,
ALEXIS-LEBRUN,8961,8976,garcon,coup_droit,2,att/att,ALEXIS-LEBRUN,,defensif,g3,,poussette,26.246105575561522,-137,2,ALEXIS-LEBRUN,MA-LONG,-25.874968338012696,106.33704503377278,100,8965,,,,,
MA-LONG,8977,8987,garcon,coup_droit,2,att/att,MA-LONG,,offensif,g2,,topspin,-31.262166023254395,81.44034639994304,2,MA-LONG,ALEXIS-LEBRUN,2.1430736541748048,-208.3805238087972,100,8982,,,,,
ALEXIS-LEBRUN,8988,9001,garcon,revers,2,att/att,serveur_point_pour,,intermediaire,,filet,topspin,,,,ALEXIS-LEBRUN,MA-LONG,-103.9408697128296,195.41460418701172,100,8989,,,,,
ALEXIS-LEBRUN,9263,9265,garcon,coup_droit,2,att/att,ALEXIS-LEBRUN,lat_droit,,d2,,,-35.381462478637694,-54.24759750366211,2,ALEXIS-LEBRUN,MA-LONG,-51.24317626953125,162.82682876586915,100,9263,-23.52137870788574,91.169877243042,2,9264,
MA-LONG,9266,9280,garcon,coup_droit,2,att/att,MA-LONG,,defensif,m3,,poussette,-23.06475944519043,129.89637565612793,2,MA-LONG,ALEXIS-LEBRUN,-51.30878992080689,-86.40223954518636,100,9267,,,,,
ALEXIS-LEBRUN,9281,9292,garcon,coup_droit,2,att/att,ALEXIS-LEBRUN,,offensif,d3,,topspin,-46.13677587509155,-92.06671253840129,2,ALEXIS-LEBRUN,MA-LONG,-58.72317962646484,216.7177947998047,100,9288,,,,,
MA-LONG,9293,9304,garcon,coup_droit,2,att/att,MA-LONG,,intermediaire,d3,,topspin,56.48657150268555,116.45111490885417,2,MA-LONG,ALEXIS-LEBRUN,-122.88387928009033,-287.57168095906576,100,9296,,,,,
ALEXIS-LEBRUN,9305,9322,garcon,coup_droit,2,att/att,serveur_point_pour,,intermediaire,,out,bloc,,,,ALEXIS-LEBRUN,MA-LONG,86.0147476196289,247.90611572265624,100,9307,,,,,
ALEXIS-LEBRUN,9580,9609,garcon,coup_droit,2,att/att,ALEXIS-LEBRUN,lat_droit,,g1,,,29.809337615966797,-43.65188700358073,2,ALEXIS-LEBRUN,MA-LONG,-143.18230514526368,197.5118174235026,100,9594,-28.55478706359863,94.65961163838705,2,9598,
MA-LONG,9610,9622,garcon,revers,2,att/att,MA-LONG,,defensif,d2,,poussette,37.98387336730957,58.423087946573894,2,MA-LONG,ALEXIS-LEBRUN,17.778333282470705,-86.355766137441,100,9614,,,,,
ALEXIS-LEBRUN,9623,9637,garcon,coup_droit,2,att/att,ALEXIS-LEBRUN,,intermediaire,g3,,flip,46.399330139160156,-131.0154322107633,2,ALEXIS-LEBRUN,MA-LONG,11.06136245727539,116.6372698465983,100,9628,,,,,
MA-LONG,9638,9657,garcon,coup_droit,2,att/att,serveur_point_pour,,intermediaire,,filet,topspin,,,,MA-LONG,ALEXIS-LEBRUN,-15.048119735717773,-237.32125816345214,100,9642,,,,,
MA-LONG,10146,10164,garcon,coup_droit,2,att/att,MA-LONG,lat_droit,,g3,,,-51.741068840026855,116.89462216695149,2,MA-LONG,ALEXIS-LEBRUN,39.33069000244141,-164.7617225964864,100,10153,40.1599178314209,-105.56588087081909,2,10154,
ALEXIS-LEBRUN,10165,10173,garcon,revers,2,att/att,ALEXIS-LEBRUN,,intermediaire,g3,,topspin,35.82110710144043,-97.63468058904012,2,ALEXIS-LEBRUN,MA-LONG,-98.45932579040527,159.18964767456055,100,10166,,,,,
MA-LONG,10174,10181,garcon,revers,2,att/att,MA-LONG,,intermediaire,g2,,topspin,-31.33122787475586,75.45393040974935,2,MA-LONG,ALEXIS-LEBRUN,28.098624420166015,-169.14344940185546,100,10175,,,,,
ALEXIS-LEBRUN,10182,10197,garcon,revers,2,att/att,serveur_point_pour,,offensif,,out,topspin,,,,ALEXIS-LEBRUN,MA-LONG,-124.66118640899658,207.3610964457194,100,10184,,,,,
MA-LONG,10652,10672,garcon,coup_droit,2,att/att,MA-LONG,lat_droit,,g2,,,-49.67286987304688,63.29485638936361,2,MA-LONG,ALEXIS-LEBRUN,27.909431838989256,-183.02180433273315,100,10660,31.442179107666014,-89.63014891942342,2,10663,
ALEXIS-LEBRUN,10673,10684,garcon,revers,2,att/att,ALEXIS-LEBRUN,,intermediaire,m3,,topspin,21.95934944152832,-118.34205476442973,2,ALEXIS-LEBRUN,MA-LONG,-150.01316261291504,123.61407330830892,100,10677,,,,,
MA-LONG,10685,10695,garcon,revers,2,att/att,MA-LONG,,intermediaire,g2,,topspin,-28.728414726257324,79.71936264038087,2,MA-LONG,ALEXIS-LEBRUN,24.833441543579102,-243.04078413645428,100,10689,,,,,
ALEXIS-LEBRUN,10696,10704,garcon,revers,2,att/att,ALEXIS-LEBRUN,,intermediaire,g2,,bloc,31.93922004699707,-53.37091331481933,2,ALEXIS-LEBRUN,MA-LONG,-133.55936584472656,238.8216990152995,100,10697,,,,,
MA-LONG,10705,10715,garcon,revers,2,att/att,MA-LONG,,intermediaire,g2,,topspin,-41.501505088806155,89.91833979288737,2,MA-LONG,ALEXIS-LEBRUN,25.303223037719725,-208.3851881345113,100,10709,,,,,
ALEXIS-LEBRUN,10716,10734,garcon,revers,2,att/att,serveur_point_pour,,offensif,,out,topspin,,,,ALEXIS-LEBRUN,MA-LONG,-168.12474822998047,275.17142079671225,100,10719,,,,,
ALEXIS-LEBRUN,11368,11422,garcon,coup_droit,2,att/att,ALEXIS-LEBRUN,lat_droit,,d2,,,-37.99908313751221,-58.80434322357178,2,ALEXIS-LEBRUN,MA-LONG,-17.362878608703614,185.73998260498047,100,11407,3.4100181579589846,78.34650917053223,2,11412,
MA-LONG,11423,11435,garcon,coup_droit,2,att/att,MA-LONG,,defensif,m2,,poussette,-6.669424438476563,47.06214930216471,2,MA-LONG,ALEXIS-LEBRUN,-78.33331537246704,-95.77192920049032,100,11426,,,,,
ALEXIS-LEBRUN,11436,11451,garcon,coup_droit,2,att/att,ALEXIS-LEBRUN,,defensif,g3,,poussette,31.346731185913086,-96.59296811421713,2,ALEXIS-LEBRUN,MA-LONG,-18.287126731872558,108.4530200958252,100,11441,,,,,
MA-LONG,11452,11463,garcon,coup_droit,2,att/att,MA-LONG,,offensif,d3,,topspin,43.27465553283692,116.78529141743978,2,MA-LONG,ALEXIS-LEBRUN,21.22765693664551,-172.9358902613322,100,11457,,,,,
ALEXIS-LEBRUN,11464,11481,garcon,coup_droit,2,att/att,serveur_point_pour,,intermediaire,,out,bloc,,,,ALEXIS-LEBRUN,MA-LONG,1.3675167083740234,300.293627166748,100,11467,,,,,
ALEXIS-LEBRUN,11738,11752,garcon,revers,2,att/att,ALEXIS-LEBRUN,lat_gauche,,d2,,,-27.87277183532715,-64.32248007456461,2,ALEXIS-LEBRUN,MA-LONG,-30.25767250061035,168.51324717203775,100,11739,15.120062637329102,65.82453231811523,2,11743,
MA-LONG,11753,11766,garcon,coup_droit,2,att/att,MA-LONG,,defensif,m2,,poussette,-6.488748168945312,61.66644490559896,2,MA-LONG,ALEXIS-LEBRUN,-81.20612912178039,-106.76209967931112,100,11757,,,,,
ALEXIS-LEBRUN,11767,11777,garcon,revers,2,att/att,serveur_point_contre,,offensif,d3,pt_gagne,flip,-54.28943920135498,-118.20117993354798,2,ALEXIS-LEBRUN,MA-LONG,-33.27447986602783,129.7588586171468,100,11772,,,,,
MA-LONG,12312,12334,garcon,coup_droit,2,att/att,MA-LONG,lat_droit,,m2,,,10.483376693725585,71.95008544921875,2,MA-LONG,ALEXIS-LEBRUN,25.679846954345702,-180.60228662490846,100,12321,59.95619659423828,-88.98846661249796,2,12325,
ALEXIS-LEBRUN,12335,12348,garcon,coup_droit,2,att/att,serveur_point_pour,,defensif,,filet,poussette,,,,ALEXIS-LEBRUN,MA-LONG,-23.48629512786865,94.14529024759928,100,12336,,,,,
MA-LONG,12705,12726,garcon,coup_droit,2,att/att,MA-LONG,lat_droit,,m2,,,17.497621154785158,68.49991289774577,2,MA-LONG,ALEXIS-LEBRUN,39.21524505615234,-173.00289367039997,100,12714,59.89660415649414,-93.05177806218465,2,12717,
ALEXIS-LEBRUN,12727,12750,garcon,revers,2,att/att,serveur_point_pour,,intermediaire,,filet,flip,,,,ALEXIS-LEBRUN,MA-LONG,-46.083402156829834,149.7746779123942,100,12732,,,,,
ALEXIS-LEBRUN,13093,13124,garcon,coup_droit,2,att/att,ALEXIS-LEBRUN,lat_droit,,g3,,,50.93299407958985,-118.2636300722758,2,ALEXIS-LEBRUN,MA-LONG,-98.20745859146118,186.3633908589681,100,13112,-48.90713567733765,133.3642822265625,2,13113,
MA-LONG,13125,13136,garcon,revers,2,att/att,MA-LONG,,intermediaire,g3,,topspin,-54.63461256027222,95.77411982218425,2,MA-LONG,ALEXIS-LEBRUN,14.656644821166992,-147.21858169237774,100,13126,,,,,
ALEXIS-LEBRUN,13137,13144,garcon,revers,2,att/att,ALEXIS-LEBRUN,,offensif,m3,,topspin,-13.37202262878418,-100.02093830108643,2,ALEXIS-LEBRUN,MA-LONG,-146.39552040100097,186.40189005533855,100,13139,,,,,
MA-LONG,13145,13155,garcon,revers,2,att/att,MA-LONG,,intermediaire,g2,,bloc,-28.81516513824463,72.25482139587402,2,MA-LONG,ALEXIS-LEBRUN,-15.1885555267334,-248.82560195922852,100,13146,,,,,
ALEXIS-LEBRUN,13156,13169,garcon,revers,2,att/att,ALEXIS-LEBRUN,,intermediaire,m3,,bloc,17.423337173461913,-113.1526265780131,2,ALEXIS-LEBRUN,MA-LONG,-83.97029557228089,180.72247467041015,100,13158,,,,,
MA-LONG,13170,13198,garcon,revers,2,att/att,serveur_point_pour,,intermediaire,,filet,bloc,,,,MA-LONG,ALEXIS-LEBRUN,111.51915130615234,-264.7339838027954,100,13181,,,,,
ALEXIS-LEBRUN,13451,13462,garcon,coup_droit,2,att/att,ALEXIS-LEBRUN,lat_gauche,,g3,,,41.9465892791748,-135.62642140388488,2,ALEXIS-LEBRUN,MA-LONG,-14.774481582641602,192.7098701477051,100,13451,1.5933692932128907,125.12740529378256,2,13452,
MA-LONG,13463,13471,garcon,revers,2,att/att,MA-LONG,,intermediaire,g3,,topspin,-26.049596214294432,91.41954714457194,2,MA-LONG,ALEXIS-LEBRUN,23.53408432006836,-171.20152759552002,100,13463,,,,,
ALEXIS-LEBRUN,13472,13480,garcon,revers,2,att/att,ALEXIS-LEBRUN,,offensif,d3,,topspin,-36.264466285705566,-131.3618797938029,2,ALEXIS-LEBRUN,MA-LONG,-112.50477485656738,226.21368255615235,100,13474,,,,,
MA-LONG,13481,13490,garcon,coup_droit,2,att/att,MA-LONG,,intermediaire,m3,,topspin,11.042691802978515,115.19367192586263,2,MA-LONG,ALEXIS-LEBRUN,-123.05971393585205,-308.0576956431071,100,13483,,,,,
ALEXIS-LEBRUN,13491,13499,garcon,coup_droit,2,att/att,ALEXIS-LEBRUN,,offensif,d2,,topspin,-30.592624473571778,-80.69117555618286,2,ALEXIS-LEBRUN,MA-LONG,-47.02766542434692,305.34764836629233,100,13494,,,,,
MA-LONG,13500,13510,garcon,coup_droit,2,att/att,MA-LONG,,offensif,m2,,topspin,15.251373291015625,75.85477498372396,2,MA-LONG,ALEXIS-LEBRUN,-191.88606224060058,-346.4299666086833,100,13504,,,,,
ALEXIS-LEBRUN,13511,13521,garcon,coup_droit,2,att/att,ALEXIS-LEBRUN,,offensif,m3,,topspin,-23.28123321533203,-100.78053963979086,2,ALEXIS-LEBRUN,MA-LONG,28.027384567260743,334.4123118082682,100,13514,,,,,
MA-LONG,13522,13539,garcon,coup_droit,2,att/att,serveur_point_pour,,intermediaire,,out,topspin,,,,MA-LONG,ALEXIS-LEBRUN,-169.52264099121095,-386.1483506520589,100,13527,,,,,
MA-LONG,14388,14408,garcon,coup_droit,2,att/att,MA-LONG,lat_droit,,m3,,,-20.63429832458496,122.12044385274251,2,MA-LONG,ALEXIS-LEBRUN,41.34777297973633,-178.14843320846558,100,14398,42.236955642700195,-115.00750392278036,2,14400,
ALEXIS-LEBRUN,14409,14420,garcon,revers,2,att/att,ALEXIS-LEBRUN,,intermediaire,g3,,topspin,55.51089935302734,-100.17301012674967,2,ALEXIS-LEBRUN,MA-LONG,-62.113400077819826,152.16676712036133,100,14409,,,,,
MA-LONG,14421,14429,garcon,revers,2,att/att,MA-LONG,,intermediaire,g3,,topspin,-30.847218704223632,117.4092222849528,2,MA-LONG,ALEXIS-LEBRUN,34.881971740722655,-165.39936989148458,100,14422,,,,,
ALEXIS-LEBRUN,14430,14436,garcon,revers,2,att/att,ALEXIS-LEBRUN,,offensif,m2,,topspin,6.082588958740234,-85.70091832478842,2,ALEXIS-LEBRUN,MA-LONG,-115.60382080078125,212.17767690022785,100,14431,,,,,
MA-LONG,14437,14444,garcon,revers,2,att/att,serveur_point_pour,,intermediaire,,out,bloc,,,,MA-LONG,ALEXIS-LEBRUN,-24.840247344970702,-232.06657079060872,100,14439,,,,,
MA-LONG,15040,15059,garcon,coup_droit,2,att/att,MA-LONG,lat_droit,,m2,,,10.501996612548828,73.389537302653,2,MA-LONG,ALEXIS-LEBRUN,50.072245025634764,-178.13706200917562,100,15046,66.37980041503906,-84.49583686192831,2,15050,
ALEXIS-LEBRUN,15060,15072,garcon,coup_droit,2,att/att,ALEXIS-LEBRUN,,defensif,m2,,poussette,11.00303840637207,-69.75559206008911,2,ALEXIS-LEBRUN,MA-LONG,-11.088998794555664,86.99778378804525,100,15061,,,,,
MA-LONG,15073,15084,garcon,coup_droit,2,att/att,MA-LONG,,defensif,d2,,poussette,53.37754516601562,51.77709884643555,2,MA-LONG,ALEXIS-LEBRUN,-5.859454345703125,-83.5876085917155,100,15074,,,,,
ALEXIS-LEBRUN,15085,15094,garcon,coup_droit,2,att/att,ALEXIS-LEBRUN,,offensif,d3,,flip,-46.551799297332764,-129.44276889165243,2,ALEXIS-LEBRUN,MA-LONG,29.408425903320314,94.44983456929525,100,15089,,,,,
MA-LONG,15095,15104,garcon,coup_droit,2,att/att,MA-LONG,,intermediaire,g2,,bloc,-49.373661041259766,90.67431767781575,2,MA-LONG,ALEXIS-LEBRUN,-134.13891353607178,-207.23206752141317,100,15096,,,,,
ALEXIS-LEBRUN,15105,15114,garcon,revers,2,att/att,ALEXIS-LEBRUN,,intermediaire,m2,,bloc,-10.815853500366211,-91.13849430084228,2,ALEXIS-LEBRUN,MA-LONG,-67.81541590690613,128.12987225850424,100,15106,,,,,
MA-LONG,15115,15134,garcon,coup_droit,2,att/att,MA-LONG,,intermediaire,g3,,topspin,-41.061055946350095,129.2751101175944,2,MA-LONG,ALEXIS-LEBRUN,64.16716842651367,-233.20892556508383,100,15123,,,,,
ALEXIS-LEBRUN,15135,15141,garcon,revers,2,att/att,serveur_point_contre,,offensif,g3,pt_gagne,topspin,74.13507995605468,-123.93830818335215,2,ALEXIS-LEBRUN,MA-LONG,-106.73597393035888,210.4654904683431,100,15136,,,,,
ALEXIS-LEBRUN,15589,15605,garcon,coup_droit,2,att/att,ALEXIS-LEBRUN,lat_droit,,d2,,,-58.952127075195314,-58.078633371988936,2,ALEXIS-LEBRUN,MA-LONG,-137.0616428375244,186.49773737589518,100,15592,-70.87373802661895,97.39988339742025,2,15595,
MA-LONG,15606,15621,garcon,coup_droit,2,att/att,MA-LONG,,defensif,g3,,poussette,-56.89963254928589,134.43684196472168,2,MA-LONG,ALEXIS-LEBRUN,-67.48184375762939,-102.64569505055745,100,15609,,,,,
ALEXIS-LEBRUN,15622,15632,garcon,revers,2,att/att,ALEXIS-LEBRUN,,intermediaire,m3,,topspin,-1.4884845733642578,-119.17757116158803,2,ALEXIS-LEBRUN,MA-LONG,-92.71397733688354,158.3244435628255,100,15622,,,,,
MA-LONG,15633,15649,garcon,coup_droit,2,att/att,serveur_point_pour,,offensif,,out,topspin,,,,MA-LONG,ALEXIS-LEBRUN,-12.782614135742188,-251.17258961995444,100,15637,,,,,
ALEXIS-LEBRUN,15975,15990,garcon,coup_droit,2,att/att,ALEXIS-LEBRUN,lat_droit,,m2,,,18.208925247192383,-53.852823956807455,2,ALEXIS-LEBRUN,MA-LONG,-137.0484588623047,188.15045038859049,100,15975,-54.70040197372437,89.65462900797526,2,15980,
MA-LONG,15991,16004,garcon,revers,2,att/att,MA-LONG,,defensif,m2,,poussette,3.3916156768798826,76.8969186147054,2,MA-LONG,ALEXIS-LEBRUN,13.142328643798828,-85.24479866027832,100,15994,,,,,
ALEXIS-LEBRUN,16005,16020,garcon,coup_droit,2,att/att,ALEXIS-LEBRUN,,defensif,g3,,poussette,37.610518264770505,-129.23853805859883,2,ALEXIS-LEBRUN,MA-LONG,-46.43579988479614,117.78588727315267,100,16008,,,,,
MA-LONG,16021,16032,garcon,coup_droit,2,att/att,MA-LONG,,offensif,m3,,topspin,1.2260154724121093,96.00645637512207,2,MA-LONG,ALEXIS-LEBRUN,11.570768356323242,-205.28825441996256,100,16027,,,,,
ALEXIS-LEBRUN,16033,16051,garcon,coup_droit,2,att/att,serveur_point_pour,,intermediaire,,out,topspin,,,,ALEXIS-LEBRUN,MA-LONG,-74.0910397529602,327.4381736755371,100,16037,,,,,
MA-LONG,16781,16795,garcon,coup_droit,2,att/att,MA-LONG,lat_droit,,m2,,,22.127769470214844,66.69987513224284,2,MA-LONG,ALEXIS-LEBRUN,25.679846954345702,-180.60228662490846,100,16783,57.79725723266601,-90.4984146753947,2,16786,
ALEXIS-LEBRUN,16796,16807,garcon,coup_droit,2,att/att,ALEXIS-LEBRUN,,intermediaire,g3,,flip,53.39340362548828,-97.62516031265258,2,ALEXIS-LEBRUN,MA-LONG,-18.251666259765624,111.41824213663737,100,16798,,,,,
MA-LONG,16808,16824,garcon,revers,2,att/att,serveur_point_pour,,intermediaire,,out,topspin,,,,MA-LONG,ALEXIS-LEBRUN,18.724854278564454,-188.67292019526164,100,16811,,,,,
MA-LONG,17296,17315,garcon,coup_droit,2,att/att,MA-LONG,lat_droit,defensif,m2,,poussette,-1.4819831848144531,72.95271949768066,2,MA-LONG,ALEXIS-LEBRUN,28.041851425170897,-173.30831772486368,100,17302,51.50221710205078,-78.66940593719482,2,17306,
ALEXIS-LEBRUN,17316,17327,garcon,coup_droit,2,att/att,ALEXIS-LEBRUN,,defensif,g3,,poussette,50.913395690917966,-119.62707214355468,2,ALEXIS-LEBRUN,MA-LONG,-31.089393615722656,96.41688219706218,100,17317,,,,,
MA-LONG,17328,17339,garcon,revers,2,att/att,MA-LONG,,intermediaire,g3,,topspin,-54.48648853302002,109.55211118062337,2,MA-LONG,ALEXIS-LEBRUN,16.58509292602539,-176.42694861094157,100,17331,,,,,
ALEXIS-LEBRUN,17340,17345,garcon,revers,2,att/att,ALEXIS-LEBRUN,,offensif,g3,,topspin,40.353234481811526,-91.7655782699585,2,ALEXIS-LEBRUN,MA-LONG,-115.9705041885376,169.94531275431316,100,17341,,,,,
MA-LONG,17346,17362,garcon,revers,2,att/att,serveur_point_pour,,intermediaire,,out,topspin,,,,MA-LONG,ALEXIS-LEBRUN,47.453033447265625,-209.74774611790974,100,17347,,,,,
ALEXIS-LEBRUN,17835,17850,garcon,coup_droit,2,att/att,ALEXIS-LEBRUN,lat_droit,,d2,,,-38.100637435913086,-67.74053366978963,2,ALEXIS-LEBRUN,MA-LONG,-110.09327793121338,164.17234954833984,100,17837,-57.521424770355225,76.11528040568034,2,17840,
MA-LONG,17851,17864,garcon,coup_droit,2,att/att,MA-LONG,,defensif,g3,,poussette,-41.04409217834473,130.79089838663737,2,MA-LONG,ALEXIS-LEBRUN,-53.995550346374515,-91.08908119201661,100,17853,,,,,
ALEXIS-LEBRUN,17865,17878,garcon,revers,2,att/att,serveur_point_pour,,intermediaire,,filet,topspin,,,,ALEXIS-LEBRUN,MA-LONG,-86.7957350730896,181.20599670410155,100,17867,,,,,
ALEXIS-LEBRUN,18246,18266,garcon,coup_droit,2,att/att,ALEXIS-LEBRUN,lat_gauche,,g3,,,48.993115997314455,-102.07387528419494,2,ALEXIS-LEBRUN,MA-LONG,-86.67341275215149,193.88177871704102,100,18255,-10.963319778442383,97.29314829508463,2,18258,
MA-LONG,18267,18276,garcon,revers,2,att/att,MA-LONG,,intermediaire,m2,,topspin,8.07463035583496,69.26390419006347,2,MA-LONG,ALEXIS-LEBRUN,21.621306228637696,-143.56412985722224,100,18268,,,,,
ALEXIS-LEBRUN,18277,18290,garcon,coup_droit,2,att/att,ALEXIS-LEBRUN,,offensif,d3,,topspin,-48.89822797775268,-105.74011804262797,2,ALEXIS-LEBRUN,MA-LONG,-58.19799861907959,266.3958686828613,100,18284,,,,,
MA-LONG,18291,18307,garcon,coup_droit,2,att/att,serveur_point_pour,,intermediaire,,out,topspin,,,,MA-LONG,ALEXIS-LEBRUN,-122.74845905303955,-271.7938741048177,100,18293,,,,,
ALEXIS-LEBRUN,18539,18566,garcon,coup_droit,3,att/att,ALEXIS-LEBRUN,lat_droit,,m2,,,19.562953567504884,48.35572230021159,2,ALEXIS-LEBRUN,MA-LONG,50.32619781494141,-160.4722806294759,100,18554,51.24685821533203,-96.43156328201295,2,18557,
MA-LONG,18567,18580,garcon,coup_droit,3,att/att,serveur_point_pour,,defensif,,filet,poussette,,,,MA-LONG,ALEXIS-LEBRUN,-33.653245544433595,96.68054072062175,100,18570,,,,,
ALEXIS-LEBRUN,18844,18880,garcon,coup_droit,3,att/att,serveur_point_pour,lat_gauche,,,out,,,,,ALEXIS-LEBRUN,MA-LONG,14.526798248291016,-157.0781366030375,100,18859,46.59411087036133,-117.32737011909485,2,18860,
MA-LONG,19202,19221,garcon,coup_droit,3,att/att,MA-LONG,lat_droit,,g2,,,27.32640151977539,-59.13858070373535,2,MA-LONG,ALEXIS-LEBRUN,-127.86861782073974,186.59212137858074,100,19208,-38.86796073913574,92.68538678487143,2,19212,
ALEXIS-LEBRUN,19222,19233,garcon,revers,3,att/att,ALEXIS-LEBRUN,,intermediaire,g3,,topspin,-46.63683376312256,99.53716367085775,2,ALEXIS-LEBRUN,MA-LONG,44.478593826293945,-112.05194805463155,100,19227,,,,,
MA-LONG,19234,19243,garcon,revers,3,att/att,MA-LONG,,intermediaire,g3,,topspin,42.566518783569336,-91.60480057398478,2,MA-LONG,ALEXIS-LEBRUN,-125.0451452255249,161.55778376261392,100,19235,,,,,
ALEXIS-LEBRUN,19244,19251,garcon,revers,3,att/att,ALEXIS-LEBRUN,,intermediaire,m3,,topspin,-23.02958526611328,132.8794884999593,2,ALEXIS-LEBRUN,MA-LONG,30.204849624633788,-179.8935965538025,100,19245,,,,,
MA-LONG,19252,19274,garcon,revers,3,att/att,serveur_point_pour,,intermediaire,,filet,bloc,,,,MA-LONG,ALEXIS-LEBRUN,-83.66207032203674,212.35400670369467,100,19253,,,,,
MA-LONG,19606,19618,garcon,coup_droit,3,att/att,MA-LONG,lat_droit,,g2,,,40.624183654785156,-72.42364298502604,2,MA-LONG,ALEXIS-LEBRUN,-86.91795411109925,168.54087600708007,100,19606,-41.43382034301758,95.96651128133138,2,19607,
ALEXIS-LEBRUN,19619,19632,garcon,revers,3,att/att,ALEXIS-LEBRUN,,defensif,g3,,poussette,-57.079873943328856,117.53093897501627,2,ALEXIS-LEBRUN,MA-LONG,33.65584754943848,-92.25208791097005,100,19620,,,,,
MA-LONG,19633,19644,garcon,revers,3,att/att,MA-LONG,,intermediaire,g3,,topspin,38.01476402282715,-100.22657801310221,2,MA-LONG,ALEXIS-LEBRUN,-124.88073692321777,181.17066802978516,100,19636,,,,,
ALEXIS-LEBRUN,19645,19652,garcon,revers,3,att/att,ALEXIS-LEBRUN,,offensif,g3,,topspin,-36.02363586425781,115.02134882609049,2,ALEXIS-LEBRUN,MA-LONG,32.18628005981445,-198.86975463231406,100,19646,,,,,
MA-LONG,19653,19664,garcon,revers,3,att/att,serveur_point_pour,,intermediaire,,filet,bloc,,,,MA-LONG,ALEXIS-LEBRUN,-112.56181240081787,219.71878102620443,100,19654,,,,,
ALEXIS-LEBRUN,19991,20020,garcon,revers,3,att/att,ALEXIS-LEBRUN,lat_droit,,d2,,,37.88683815002442,51.421338399251304,2,ALEXIS-LEBRUN,MA-LONG,-54.84310092926025,-169.2784644285838,100,20006,-0.9269371032714844,-74.66271095275879,2,20010,
MA-LONG,20021,20032,garcon,coup_droit,3,att/att,MA-LONG,,defensif,m2,,poussette,-5.391412353515625,-46.00320364634196,2,MA-LONG,ALEXIS-LEBRUN,19.97854232788086,79.72601725260417,100,20023,,,,,
ALEXIS-LEBRUN,20033,20047,garcon,revers,3,att/att,ALEXIS-LEBRUN,,defensif,g3,,poussette,-62.67986526489258,98.12243143717448,2,ALEXIS-LEBRUN,MA-LONG,-59.34009580612182,-94.46850493748983,100,20037,,,,,
MA-LONG,20048,20057,garcon,revers,3,att/att,MA-LONG,,intermediaire,g2,,topspin,62.10622100830078,-87.48475071589152,2,MA-LONG,ALEXIS-LEBRUN,-116.01274871826172,165.0799898783366,100,20051,,,,,
ALEXIS-LEBRUN,20058,20070,garcon,revers,3,att/att,serveur_point_pour,,intermediaire,,out,topspin,,,,ALEXIS-LEBRUN,MA-LONG,66.9819435119629,-184.78950103123984,100,20060,,,,,
ALEXIS-LEBRUN,20635,20652,garcon,coup_droit,3,att/att,ALEXIS-LEBRUN,lat_droit,,d2,,,55.82854690551758,70.9094051361084,2,ALEXIS-LEBRUN,MA-LONG,39.465457916259766,-155.14123942057293,100,20640,76,-89.12317024866739,2,20643,
MA-LONG,20653,20675,garcon,coup_droit,3,att/att,serveur_point_pour,,defensif,,out,poussette,,,,MA-LONG,ALEXIS-LEBRUN,8.482956695556641,101.0287026723226,100,20656,,,,,
MA-LONG,21343,21365,garcon,coup_droit,3,att/att,MA-LONG,lat_droit,,m3,,,22.203843688964845,-100.09947840372722,2,MA-LONG,ALEXIS-LEBRUN,-112.84661598205567,187.28625666300456,100,21354,-56.965199089050294,128.2870221455892,2,21356,
ALEXIS-LEBRUN,21366,21374,garcon,coup_droit,3,att/att,ALEXIS-LEBRUN,,offensif,g3,,topspin,-70.63585026264191,120.70316823323567,2,ALEXIS-LEBRUN,MA-LONG,12.01321792602539,-171.49177408218384,100,21370,,,,,
MA-LONG,21375,21389,garcon,revers,3,att/att,serveur_point_pour,,intermediaire,,filet,bloc,,,,MA-LONG,ALEXIS-LEBRUN,-149.40814933776855,203.63165664672852,100,21376,,,,,
MA-LONG,21896,21931,garcon,coup_droit,3,att/att,MA-LONG,lat_droit,,m2,,,-0.8180587768554688,-66.03153953552246,2,MA-LONG,ALEXIS-LEBRUN,-127.67830181121826,209.57220458984375,100,21917,-46.85434398651123,79.7927724202474,2,21922,
ALEXIS-LEBRUN,21932,21945,garcon,coup_droit,3,att/att,ALEXIS-LEBRUN,,defensif,m2,,poussette,-8.93573455810547,61.84490000406901,2,ALEXIS-LEBRUN,MA-LONG,-10.815853500366211,-91.13849430084228,100,21933,,,,,
MA-LONG,21946,21956,garcon,coup_droit,3,att/att,MA-LONG,,offensif,d2,,topspin,-28.148925018310546,-87.91255343755087,2,MA-LONG,ALEXIS-LEBRUN,-46.30164260864258,129.96405410766602,100,21951,,,,,
ALEXIS-LEBRUN,21957,21971,garcon,coup_droit,3,att/att,ALEXIS-LEBRUN,,intermediaire,g3,,bloc,-49.10723819732666,115.05369860331217,2,ALEXIS-LEBRUN,MA-LONG,-88.35288105010986,-269.03914337158204,100,21960,,,,,
MA-LONG,21972,21979,garcon,coup_droit,3,att/att,MA-LONG,,offensif,g2,,topspin,29.427930068969726,-71.63045066197714,2,MA-LONG,ALEXIS-LEBRUN,-112.47625064849854,229.4621785481771,100,21974,,,,,
ALEXIS-LEBRUN,21980,21988,garcon,revers,3,att/att,serveur_point_contre,,offensif,d3,pt_gagne,topspin,45.59548454284668,123.4829495747884,2,ALEXIS-LEBRUN,MA-LONG,22.390847396850585,-256.01550979614257,100,21982,,,,,
ALEXIS-LEBRUN,22349,22372,garcon,coup_droit,3,att/att,serveur_point_pour,lat_droit,,m2,out,,,,,ALEXIS-LEBRUN,MA-LONG,4.838888549804688,-182.45106681187949,100,22357,13.532556915283203,-55.43719654083252,2,22363,
ALEXIS-LEBRUN,22696,22717,garcon,coup_droit,3,att/att,ALEXIS-LEBRUN,lat_droit,,g3,,,-54.45355396270752,112.61560198465983,2,ALEXIS-LEBRUN,MA-LONG,39.234488296508786,-171.629683081309,100,22705,59.47993545532226,-121.46392803192138,2,22707,
MA-LONG,22718,22725,garcon,revers,3,att/att,MA-LONG,,intermediaire,m3,,topspin,19.92144317626953,-98.87475973765055,2,MA-LONG,ALEXIS-LEBRUN,-98.60727043151856,143.22802022298177,100,22719,,,,,
ALEXIS-LEBRUN,22726,22740,garcon,revers,3,att/att,serveur_point_pour,,offensif,,out,topspin,,,,ALEXIS-LEBRUN,MA-LONG,16.102402877807616,-212.8629538853963,100,22728,,,,,
MA-LONG,23192,23217,garcon,coup_droit,3,att/att,MA-LONG,lat_droit,,g2,,,38.53565788269043,-62.84221210479736,2,MA-LONG,ALEXIS-LEBRUN,-106.96766834259033,184.65796356201173,100,23204,-31.262166023254395,81.44034639994304,2,23208,
ALEXIS-LEBRUN,23218,23230,garcon,revers,3,att/att,ALEXIS-LEBRUN,,intermediaire,g3,,flip,-30.760645866394043,124.91362152099609,2,ALEXIS-LEBRUN,MA-LONG,68.04189453125,-113.88565519650777,100,23223,,,,,
MA-LONG,23231,23245,garcon,revers,3,att/att,serveur_point_pour,,intermediaire,,out,topspin,,,,MA-LONG,ALEXIS-LEBRUN,-75.54467763453722,182.42302424112955,100,23232,,,,,
MA-LONG,23659,23679,garcon,coup_droit,3,att/att,MA-LONG,lat_droit,,m2,,,11.058579254150391,-65.48712867101034,2,MA-LONG,ALEXIS-LEBRUN,-137.03527488708497,189.80337244669596,100,23666,-54.73328762054443,86.59582430521647,2,23670,
ALEXIS-LEBRUN,23680,23691,garcon,revers,3,att/att,ALEXIS-LEBRUN,,offensif,g3,,topspin,-51.64161100387573,126.06981684366862,2,ALEXIS-LEBRUN,MA-LONG,28.667260360717773,-127.43041938145956,100,23685,,,,,
MA-LONG,23692,23699,garcon,revers,3,att/att,MA-LONG,,intermediaire,m3,,topspin,1.1961395263671875,-96.04159777959188,2,MA-LONG,ALEXIS-LEBRUN,-115.82959365844727,186.17448348999022,100,23693,,,,,
ALEXIS-LEBRUN,23700,23707,garcon,revers,3,att/att,ALEXIS-LEBRUN,,intermediaire,g2,,topspin,-71.06378269195557,78.78329213460286,2,ALEXIS-LEBRUN,MA-LONG,-16.958205223083496,-193.0549866994222,100,23702,,,,,
MA-LONG,23708,23720,garcon,revers,3,att/att,serveur_point_pour,,intermediaire,,out,topspin,,,,MA-LONG,ALEXIS-LEBRUN,-162.1092098236084,209.30988744099935,100,23709,,,,,
ALEXIS-LEBRUN,24330,24350,garcon,coup_droit,3,att/att,ALEXIS-LEBRUN,lat_droit,,g2,,,-44.55013084411621,50.823137537638345,2,ALEXIS-LEBRUN,MA-LONG,-95.99799757003784,-188.81096420288085,100,24336,-46.186634349822995,-96.55679890314738,2,24340,
MA-LONG,24351,24362,garcon,revers,3,att/att,MA-LONG,,defensif,d2,,poussette,-27.786383819580077,-56.942915789286296,2,MA-LONG,ALEXIS-LEBRUN,-76.50083007514476,87.03710174560547,100,24353,,,,,
ALEXIS-LEBRUN,24363,24377,garcon,coup_droit,3,att/att,ALEXIS-LEBRUN,,defensif,g3,,poussette,-70.76276957988739,108.27024472554525,2,ALEXIS-LEBRUN,MA-LONG,-43.686536979675296,-105.32666759490967,100,24367,,,,,
MA-LONG,24378,24400,garcon,revers,3,att/att,serveur_point_pour,,intermediaire,,filet,topspin,,,,MA-LONG,ALEXIS-LEBRUN,-116.05497875213624,160.2162348429362,100,24379,,,,,
ALEXIS-LEBRUN,24629,24653,garcon,coup_droit,3,att/att,ALEXIS-LEBRUN,lat_droit,,m2,,,-16.397110748291016,57.9621950785319,2,ALEXIS-LEBRUN,MA-LONG,28.02292709350586,-174.6963487625122,100,24641,42.60533142089844,-88.84912042617798,2,24645,
MA-LONG,24654,24668,garcon,coup_droit,3,att/att,MA-LONG,,defensif,m2,,poussette,-13.034943389892579,-72.40806039174397,2,MA-LONG,ALEXIS-LEBRUN,-59.963573169708255,99.38619804382324,100,24656,,,,,
ALEXIS-LEBRUN,24669,24685,garcon,coup_droit,3,att/att,serveur_point_pour,,offensif,,out,topspin,,,,ALEXIS-LEBRUN,MA-LONG,-70.44607422351837,-127.27809713681539,100,24674,,,,,
MA-LONG,25105,25126,garcon,coup_droit,3,att/att,MA-LONG,lat_droit,,g2,,,36.321163177490234,-61.55221029917399,2,MA-LONG,ALEXIS-LEBRUN,-137.0616428375244,186.49773737589518,100,25111,-52.12175521850586,81.77497584025065,2,25115,
ALEXIS-LEBRUN,25127,25140,garcon,revers,3,att/att,ALEXIS-LEBRUN,,defensif,g2,,poussette,-62.87361316680908,79.637712987264,2,ALEXIS-LEBRUN,MA-LONG,26.88979377746582,-91.3462114016215,100,25129,,,,,
MA-LONG,25141,25155,garcon,revers,3,att/att,MA-LONG,,offensif,g3,,topspin,33.08203659057617,-133.88241706291834,2,MA-LONG,ALEXIS-LEBRUN,-159.244047164917,161.6156893412272,100,25147,,,,,
ALEXIS-LEBRUN,25156,25162,garcon,revers,3,att/att,ALEXIS-LEBRUN,,intermediaire,g3,,topspin,-28.346202659606934,112.60760599772135,2,ALEXIS-LEBRUN,MA-LONG,36.574652099609374,-203.58172527949014,100,25156,,,,,
MA-LONG,25163,25171,garcon,revers,3,att/att,MA-LONG,,intermediaire,m2,,topspin,17.722241592407226,-90.59005931218465,2,MA-LONG,ALEXIS-LEBRUN,-103.57538223266602,235.68755086263022,100,25164,,,,,
ALEXIS-LEBRUN,25172,25179,garcon,revers,3,att/att,ALEXIS-LEBRUN,,intermediaire,g3,,topspin,-41.43382034301758,95.96651128133138,2,ALEXIS-LEBRUN,MA-LONG,-17.22103672027588,-214.73192437489828,100,25174,,,,,
MA-LONG,25180,25189,garcon,revers,3,att/att,MA-LONG,,intermediaire,m3,,topspin,24.042200088500977,-133.50561869939168,2,MA-LONG,ALEXIS-LEBRUN,-127.337721824646,250.69561767578125,100,25181,,,,,
ALEXIS-LEBRUN,25190,25204,garcon,revers,3,att/att,serveur_point_pour,,intermediaire,,out,topspin,,,,ALEXIS-LEBRUN,MA-LONG,4.365490341186524,-219.27787812550864,100,25191,,,,,
MA-LONG,25665,25683,garcon,coup_droit,3,att/att,MA-LONG,lat_droit,,g2,,,36.24415397644043,-67.109046681722,2,MA-LONG,ALEXIS-LEBRUN,-118.8831226348877,178.5477752685547,100,25670,-46.75398921966553,88.9023442586263,2,25673,
ALEXIS-LEBRUN,25684,25697,garcon,revers,3,att/att,ALEXIS-LEBRUN,,defensif,m2,,poussette,-13.666889953613282,78.3958787282308,2,ALEXIS-LEBRUN,MA-LONG,26.908754348754883,-89.9473274230957,100,25686,,,,,
MA-LONG,25698,25709,garcon,coup_droit,3,att/att,MA-LONG,,defensif,m2,,poussette,3.872914123535156,-72.97326691945393,2,MA-LONG,ALEXIS-LEBRUN,-46.469323348999026,114.74290033976237,100,25699,,,,,
ALEXIS-LEBRUN,25710,25726,garcon,revers,3,att/att,ALEXIS-LEBRUN,,defensif,g3,,poussette,-41.467664527893064,92.94211196899414,2,ALEXIS-LEBRUN,MA-LONG,-28.80304298400879,-143.78961799542108,100,25716,,,,,
MA-LONG,25727,25741,garcon,coup_droit,3,att/att,MA-LONG,,offensif,g3,,topspin,49.03225479125977,-99.33780838648478,2,MA-LONG,ALEXIS-LEBRUN,-80.80156717300414,216.53404388427734,100,25733,,,,,
ALEXIS-LEBRUN,25742,25755,garcon,revers,3,att/att,serveur_point_pour,,intermediaire,,out,topspin,,,,ALEXIS-LEBRUN,MA-LONG,38.984550857543944,-189.47152592341106,100,25743,,,,,
ALEXIS-LEBRUN,26113,26141,garcon,coup_droit,3,att/att,ALEXIS-LEBRUN,lat_droit,,m2,,,24.60824851989746,79.30031369527181,2,ALEXIS-LEBRUN,MA-LONG,23.53408432006836,-171.20152759552002,100,26128,44.84818000793457,-85.9446304321289,2,26131,
MA-LONG,26142,26155,garcon,coup_droit,3,att/att,MA-LONG,,defensif,g2,,poussette,42.7023738861084,-81.95769023895264,2,MA-LONG,ALEXIS-LEBRUN,-5.854982376098633,112.89392852783203,100,26145,,,,,
ALEXIS-LEBRUN,26156,26165,garcon,revers,3,att/att,ALEXIS-LEBRUN,,offensif,g3,,topspin,-44.02908477783203,97.74756075541178,2,ALEXIS-LEBRUN,MA-LONG,35.015877151489256,-155.7375915368398,100,26160,,,,,
MA-LONG,26166,26176,garcon,revers,3,att/att,MA-LONG,,intermediaire,g3,,bloc,63.947933197021484,-106.21121929486593,2,MA-LONG,ALEXIS-LEBRUN,-89.72603302001953,172.16861521402996,100,26167,,,,,
ALEXIS-LEBRUN,26177,26183,garcon,revers,3,att/att,ALEXIS-LEBRUN,,offensif,m3,,topspin,-15.650016403198242,120.00302289326986,2,ALEXIS-LEBRUN,MA-LONG,46.0491828918457,-155.62223331133524,100,26178,,,,,
MA-LONG,26184,26193,garcon,revers,3,att/att,MA-LONG,,intermediaire,g3,,bloc,68.2424446105957,-100.4695715268453,2,MA-LONG,ALEXIS-LEBRUN,-72.40891395807266,217.976283009847,100,26185,,,,,
ALEXIS-LEBRUN,26194,26201,garcon,revers,3,att/att,ALEXIS-LEBRUN,,offensif,m3,,topspin,-3.4709804534912108,108.2121649424235,2,ALEXIS-LEBRUN,MA-LONG,47.997613525390626,-171.67407910029092,100,26196,,,,,
MA-LONG,26202,26210,garcon,revers,3,att/att,MA-LONG,,intermediaire,g2,,bloc,36.49454803466797,-49.041730944315596,2,MA-LONG,ALEXIS-LEBRUN,-77.89143997430801,227.0023063659668,100,26203,,,,,
ALEXIS-LEBRUN,26211,26218,garcon,revers,3,att/att,ALEXIS-LEBRUN,,offensif,g2,,topspin,-36.36587200164795,84.90692901611328,2,ALEXIS-LEBRUN,MA-LONG,23.27112236022949,-190.70995448430378,100,26213,,,,,
MA-LONG,26219,26234,garcon,revers,3,att/att,serveur_point_contre,,intermediaire,m3,pt_gagne,bloc,14.786578369140624,-137,2,MA-LONG,ALEXIS-LEBRUN,-109.60528240203857,219.12763544718425,100,26220,,,,,
ALEXIS-LEBRUN,26655,26682,garcon,coup_droit,3,att/att,ALEXIS-LEBRUN,lat_gauche,,g3,,,-62.69601998329163,96.58117446899413,2,ALEXIS-LEBRUN,MA-LONG,28.17435073852539,-163.5884726524353,100,26672,42.10139770507813,-124.63322194417317,2,26673,
MA-LONG,26683,26693,garcon,revers,3,att/att,MA-LONG,,intermediaire,m2,,topspin,6.192721176147461,-77.13385852177937,2,MA-LONG,ALEXIS-LEBRUN,-104.43636684417724,140.8160020192464,100,26685,,,,,
ALEXIS-LEBRUN,26694,26702,garcon,revers,3,att/att,ALEXIS-LEBRUN,,offensif,m3,,topspin,1.2810707092285156,100.3709935506185,2,ALEXIS-LEBRUN,MA-LONG,7.033023834228516,-194.8148049990336,100,26697,,,,,
MA-LONG,26703,26713,garcon,coup_droit,3,att/att,MA-LONG,,intermediaire,m3,,topspin,-1.19886474609375,-96.21878118515015,2,MA-LONG,ALEXIS-LEBRUN,-41.5358964920044,322.2787587483724,100,26706,,,,,
ALEXIS-LEBRUN,26714,26724,garcon,coup_droit,3,att/att,ALEXIS-LEBRUN,,offensif,d3,,topspin,47.808631134033206,123.17992083231609,2,ALEXIS-LEBRUN,MA-LONG,-96.94948520660401,-289.3874319712321,100,26718,,,,,
MA-LONG,26725,26737,garcon,coup_droit,3,att/att,MA-LONG,,intermediaire,d2,,topspin,-51.19365663528443,-75.86680380503337,2,MA-LONG,ALEXIS-LEBRUN,62.91965560913086,410.02647552490237,100,26729,,,,,
ALEXIS-LEBRUN,26738,26755,garcon,coup_droit,3,att/att,serveur_point_pour,,intermediaire,,out,topspin,,,,ALEXIS-LEBRUN,MA-LONG,-246.7742706298828,-312.18672574361165,100,26742,,,,,
MA-LONG,27589,27608,garcon,coup_droit,3,att/att,MA-LONG,lat_droit,,g2,,,27.193416595458984,-68.94827610651652,2,MA-LONG,ALEXIS-LEBRUN,-133.98625049591064,185.97986221313477,100,27593,-60.14230337142944,82.4797550201416,2,27597,
ALEXIS-LEBRUN,27609,27618,garcon,revers,3,att/att,serveur_point_contre,,intermediaire,d3,pt_gagne,flip,36.62688789367676,123.29844957987467,2,ALEXIS-LEBRUN,MA-LONG,35.41810073852539,-126.71451071103414,100,27612,,,,,
MA-LONG,28120,28141,garcon,coup_droit,3,att/att,MA-LONG,lat_droit,,m2,,,6.321277618408203,-67.13272107442221,2,MA-LONG,ALEXIS-LEBRUN,-130.85920581817626,193.6878542582194,100,28128,-62.72832489013672,93.49911346435547,2,28131,
ALEXIS-LEBRUN,28142,28159,garcon,revers,3,att/att,serveur_point_pour,,offensif,,out,flip,,,,ALEXIS-LEBRUN,MA-LONG,17.29270782470703,-123.0130035161972,100,28146,,,,,
ALEXIS-LEBRUN,28477,28487,garcon,coup_droit,3,att/att,ALEXIS-LEBRUN,lat_droit,,m2,,,10.353102493286134,61.87785949707031,2,ALEXIS-LEBRUN,MA-LONG,2.542267608642578,-177.13266414006551,100,28477,24.608292007446288,-91.50888792673747,2,28478,
MA-LONG,28488,28501,garcon,coup_droit,3,att/att,MA-LONG,,defensif,m2,,poussette,-15.602933883666992,-81.27928562164307,2,MA-LONG,ALEXIS-LEBRUN,-28.380985450744628,109.61477254231771,100,28490,,,,,
ALEXIS-LEBRUN,28502,28518,garcon,coup_droit,3,att/att,serveur_point_pour,,offensif,,filet,topspin,,,,ALEXIS-LEBRUN,MA-LONG,-75.96900361254811,-133.93602958917617,100,28507,,,,,
MA-LONG,29009,29030,garcon,coup_droit,3,att/att,MA-LONG,lat_droit,,d2,,,-37.948282432556155,-54.33424682617188,2,MA-LONG,ALEXIS-LEBRUN,-121.81200542449952,187.19824854532877,100,29017,-65.40887928009033,96.85277671813965,2,29020,
ALEXIS-LEBRUN,29031,29043,garcon,coup_droit,3,att/att,ALEXIS-LEBRUN,,defensif,m2,,poussette,0.749515151977539,58.23367538452148,2,ALEXIS-LEBRUN,MA-LONG,-53.962864017486574,-88.07357501983643,100,29033,,,,,
MA-LONG,29044,29057,garcon,coup_droit,3,att/att,MA-LONG,,defensif,d2,,poussette,-40.64492359161377,-64.87365878423056,2,MA-LONG,ALEXIS-LEBRUN,-28.5895263671875,91.67036679585775,100,29046,,,,,
ALEXIS-LEBRUN,29058,29076,garcon,revers,3,att/att,serveur_point_pour,,offensif,,filet,topspin,,,,ALEXIS-LEBRUN,MA-LONG,-121.38624420166016,-113.08530089060466,100,29063,,,,,
MA-LONG,29224,29255,garcon,coup_droit,4,att/att,MA-LONG,lat_droit,,g3,,,-70.68345735073089,116.03960901896158,2,MA-LONG,ALEXIS-LEBRUN,52.450521087646486,-162.88121976852418,100,29244,50.991818237304685,-114.17255695660909,2,29245,
ALEXIS-LEBRUN,29256,29269,garcon,revers,4,att/att,serveur_point_pour,,intermediaire,,filet,topspin,,,,ALEXIS-LEBRUN,MA-LONG,-107.35775165557861,141.20803184509276,100,29257,,,,,
MA-LONG,29516,29548,garcon,coup_droit,4,att/att,MA-LONG,lat_droit,,m2,,,-16.326091957092284,63.85978418986003,2,MA-LONG,ALEXIS-LEBRUN,47.939195251464845,-175.75807298024495,100,29535,47.0427864074707,-85.79696162541707,2,29539,
ALEXIS-LEBRUN,29549,29559,garcon,revers,4,att/att,ALEXIS-LEBRUN,,intermediaire,g3,,flip,48.993115997314455,-102.07387528419494,2,ALEXIS-LEBRUN,MA-LONG,-43.8606575012207,112.91587829589844,100,29554,,,,,
MA-LONG,29560,29568,garcon,revers,4,att/att,MA-LONG,,intermediaire,g3,,bloc,-36.092136001586915,108.99361152648926,2,MA-LONG,ALEXIS-LEBRUN,56.59230422973633,-173.06762371063232,100,29561,,,,,
ALEXIS-LEBRUN,29569,29582,garcon,revers,4,att/att,serveur_point_pour,,intermediaire,,out,topspin,,,,ALEXIS-LEBRUN,MA-LONG,-81.1741177558899,178.66536331176758,100,29570,,,,,
ALEXIS-LEBRUN,29812,29823,garcon,coup_droit,4,att/att,ALEXIS-LEBRUN,lat_gauche,,d2,,,-58.88737411499024,-52.0050106048584,2,ALEXIS-LEBRUN,MA-LONG,-17.61218547821045,164.89278971354167,100,29812,-6.090634155273437,93.846111424764,2,29813,
MA-LONG,29824,29835,garcon,coup_droit,4,att/att,MA-LONG,,intermediaire,m3,,flip,-3.416338348388672,112.5999584197998,2,MA-LONG,ALEXIS-LEBRUN,-115.42434768676758,-106.25663876533508,100,29828,,,,,
ALEXIS-LEBRUN,29836,29844,garcon,revers,4,att/att,ALEXIS-LEBRUN,,intermediaire,g2,,flip,42.83831596374512,-72.30433031717936,2,ALEXIS-LEBRUN,MA-LONG,-32.808485412597655,170.4549306233724,100,29837,,,,,
MA-LONG,29845,29854,garcon,revers,4,att/att,MA-LONG,,intermediaire,g3,,bloc,-54.585254192352295,100.36536674499511,2,MA-LONG,ALEXIS-LEBRUN,21.47125244140625,-154.76022040843964,100,29846,,,,,
ALEXIS-LEBRUN,29855,29861,garcon,revers,4,att/att,ALEXIS-LEBRUN,,intermediaire,m3,,topspin,17.666157150268553,-94.8231461207072,2,ALEXIS-LEBRUN,MA-LONG,-130.96681938171386,180.53287048339843,100,29856,,,,,
MA-LONG,29862,29871,garcon,revers,4,att/att,MA-LONG,,intermediaire,g3,,bloc,-68.16665124893188,94.02876485188803,2,MA-LONG,ALEXIS-LEBRUN,16.065322494506837,-215.66201966603597,100,29863,,,,,
ALEXIS-LEBRUN,29872,29878,garcon,revers,4,att/att,ALEXIS-LEBRUN,,offensif,d2,,topspin,-45.90390729904175,-71.0950592358907,2,ALEXIS-LEBRUN,MA-LONG,-178.51947555541992,193.47870432535808,100,29874,,,,,
MA-LONG,29879,29889,garcon,coup_droit,4,att/att,MA-LONG,,intermediaire,g2,,topspin,-33.80795612335205,83.169517771403,2,MA-LONG,ALEXIS-LEBRUN,-45.76084051132202,-290.6774511973063,100,29882,,,,,
ALEXIS-LEBRUN,29890,29905,garcon,coup_droit,4,att/att,ALEXIS-LEBRUN,,intermediaire,m2,,bloc,3.744915771484375,-82.99282213846843,2,ALEXIS-LEBRUN,MA-LONG,-117.76106777191163,309.2758206685384,100,29893,,,,,
MA-LONG,29906,29919,garcon,coup_droit,4,att/att,MA-LONG,,offensif,m2,,topspin,-16.27281246185303,68.28449160257975,2,MA-LONG,ALEXIS-LEBRUN,-22.924356269836426,-279.3191778818766,100,29914,,,,,
ALEXIS-LEBRUN,29920,29954,garcon,revers,4,att/att,serveur_point_pour,,intermediaire,,out,bloc,,,,ALEXIS-LEBRUN,MA-LONG,-119.76042957305908,429.0376225789388,100,29927,,,,,
ALEXIS-LEBRUN,30243,30270,garcon,coup_droit,4,att/att,ALEXIS-LEBRUN,lat_gauche,,g3,,,35.78269309997559,-100.40663579305013,2,ALEXIS-LEBRUN,MA-LONG,-130.91302528381348,187.10891647338866,100,30258,-54.40413942337036,117.21202278137207,2,30260,
MA-LONG,30271,30279,garcon,revers,4,att/att,MA-LONG,,intermediaire,m2,,topspin,-3.9438640594482424,70.23831710815429,2,MA-LONG,ALEXIS-LEBRUN,12.382695388793945,-143.26916406154632,100,30272,,,,,
ALEXIS-LEBRUN,30280,30291,garcon,revers,4,att/att,ALEXIS-LEBRUN,,offensif,g3,,topspin,46.399330139160156,-131.0154322107633,2,ALEXIS-LEBRUN,MA-LONG,-80.8792590379715,208.6368657430013,100,30283,,,,,
MA-LONG,30292,30302,garcon,revers,4,att/att,MA-LONG,,intermediaire,g3,,bloc,-56.99797239303589,125.21307907104492,2,MA-LONG,ALEXIS-LEBRUN,25.378492736816405,-202.83276783625286,100,30292,,,,,
ALEXIS-LEBRUN,30303,30309,garcon,revers,4,att/att,ALEXIS-LEBRUN,,offensif,m2,,topspin,24.664985275268556,-87.30268958409627,2,ALEXIS-LEBRUN,MA-LONG,-121.65961780548096,205.16134643554688,100,30304,,,,,
MA-LONG,30310,30320,garcon,revers,4,att/att,MA-LONG,,intermediaire,g3,,bloc,-57.03073844909668,122.13974571228027,2,MA-LONG,ALEXIS-LEBRUN,6.5946403503417965,-228.70823885599773,100,30312,,,,,
ALEXIS-LEBRUN,30321,30335,garcon,revers,4,att/att,serveur_point_pour,,intermediaire,,filet,topspin,,,,ALEXIS-LEBRUN,MA-LONG,-118.58952369689942,212.7541196187337,100,30321,,,,,
MA-LONG,30867,30889,garcon,coup_droit,4,att/att,MA-LONG,lat_droit,,m2,,,7.963418197631836,60.61245536804199,2,MA-LONG,ALEXIS-LEBRUN,28.117555999755858,-167.75490010579426,100,30876,64.12756576538087,-94.08011598587036,2,30879,
ALEXIS-LEBRUN,30890,30905,garcon,revers,4,att/att,ALEXIS-LEBRUN,,intermediaire,g3,,flip,50.678330993652345,-135.9786247447133,2,ALEXIS-LEBRUN,MA-LONG,-56.89963254928589,134.43684196472168,100,30895,,,,,
MA-LONG,30906,30922,garcon,revers,4,att/att,serveur_point_pour,,intermediaire,,out,topspin,,,,MA-LONG,ALEXIS-LEBRUN,43.52844161987305,-179.17061735788982,100,30906,,,,,
MA-LONG,31325,31345,garcon,coup_droit,4,att/att,MA-LONG,lat_droit,,m2,,,-11.053099822998046,89.93859977722168,2,MA-LONG,ALEXIS-LEBRUN,34.86285171508789,-166.77911097208658,100,31333,51.44326248168945,-82.77024539311726,2,31336,
ALEXIS-LEBRUN,31346,31358,garcon,revers,4,att/att,ALEXIS-LEBRUN,,intermediaire,g2,,flip,27.3073974609375,-60.540360832214354,2,ALEXIS-LEBRUN,MA-LONG,-84.13954277038575,163.3534838358561,100,31350,,,,,
MA-LONG,31359,31369,garcon,revers,4,att/att,MA-LONG,,intermediaire,g2,,bloc,-39.12296085357666,70.07505264282227,2,MA-LONG,ALEXIS-LEBRUN,46.01030502319336,-158.3538079102834,100,31362,,,,,
ALEXIS-LEBRUN,31370,31377,garcon,revers,4,att/att,ALEXIS-LEBRUN,,offensif,g3,,topspin,33.579244232177736,-97.80953400929769,2,ALEXIS-LEBRUN,MA-LONG,-146.4210475921631,183.0716573079427,100,31372,,,,,
MA-LONG,31378,31386,garcon,revers,4,att/att,MA-LONG,,intermediaire,g3,,topspin,-51.890138721466066,103.14234339396158,2,MA-LONG,ALEXIS-LEBRUN,38.83089485168457,-200.4404739379883,100,31379,,,,,
ALEXIS-LEBRUN,31387,31394,garcon,revers,4,att/att,ALEXIS-LEBRUN,,offensif,g3,,topspin,28.59135284423828,-132.99892447193463,2,ALEXIS-LEBRUN,MA-LONG,-130.83228702545165,196.97840321858723,100,31388,,,,,
MA-LONG,31395,31404,garcon,revers,4,att/att,MA-LONG,,intermediaire,g3,,topspin,-35.85225868225098,130.10127499898275,2,MA-LONG,ALEXIS-LEBRUN,20.498638916015626,-227.32974116007486,100,31396,,,,,
ALEXIS-LEBRUN,31405,31412,garcon,revers,4,att/att,ALEXIS-LEBRUN,,intermediaire,g2,,topspin,31.65231819152832,-74.3004700978597,2,ALEXIS-LEBRUN,MA-LONG,-97.94028015136719,215.1892547607422,100,31406,,,,,
MA-LONG,31413,31422,garcon,revers,4,att/att,MA-LONG,,intermediaire,g3,,topspin,-25.735137748718262,118.2817429860433,2,MA-LONG,ALEXIS-LEBRUN,27.493835830688475,-213.5085819244385,100,31414,,,,,
ALEXIS-LEBRUN,31423,31430,garcon,revers,4,att/att,ALEXIS-LEBRUN,,offensif,m2,,topspin,8.612150955200196,-72.7242415746053,2,ALEXIS-LEBRUN,MA-LONG,-89.34649000167846,211.88877614339194,100,31424,,,,,
MA-LONG,31431,31440,garcon,revers,4,att/att,MA-LONG,,intermediaire,m3,,topspin,-10.927391815185548,100.23598505655924,2,MA-LONG,ALEXIS-LEBRUN,-12.341498184204102,-215.27912686665852,100,31433,,,,,
ALEXIS-LEBRUN,31441,31451,garcon,revers,4,att/att,ALEXIS-LEBRUN,,intermediaire,d3,,topspin,-44.003503227233885,-133.64954401453335,2,ALEXIS-LEBRUN,MA-LONG,-80.81710853576661,214.95428771972655,100,31442,,,,,
MA-LONG,31452,31464,garcon,coup_droit,4,att/att,MA-LONG,,offensif,g3,,topspin,-26.014686584472656,94.40185864766438,2,MA-LONG,ALEXIS-LEBRUN,-147.21840629577636,-321.96264724731446,100,31457,,,,,
ALEXIS-LEBRUN,31465,31480,garcon,revers,4,att/att,serveur_point_pour,,intermediaire,,filet,bloc,,,,ALEXIS-LEBRUN,MA-LONG,-40.04020023345947,220.49423497517904,100,31466,,,,,
ALEXIS-LEBRUN,31970,32005,garcon,coup_droit,4,att/att,ALEXIS-LEBRUN,lat_droit,,g2,,,51.915348815917966,-49.93187243143718,2,ALEXIS-LEBRUN,MA-LONG,-110.03595771789551,170.62725372314452,100,31992,-26.241488647460937,75.02742551167806,2,31996,
MA-LONG,32006,32020,garcon,revers,4,att/att,MA-LONG,,intermediaire,g3,,flip,-28.207009887695314,124.58488019307454,2,MA-LONG,ALEXIS-LEBRUN,78.68738555908203,-95.61855084101359,100,32010,,,,,
ALEXIS-LEBRUN,32021,32042,garcon,revers,4,att/att,serveur_point_pour,,offensif,,filet,topspin,,,,ALEXIS-LEBRUN,MA-LONG,-101.11817264556885,185.26311518351238,100,32022,,,,,
ALEXIS-LEBRUN,32276,32305,garcon,coup_droit,4,att/att,ALEXIS-LEBRUN,lat_droit,,g2,,,27.34540557861328,-57.736669921875,2,ALEXIS-LEBRUN,MA-LONG,-130.96681938171386,180.53287048339843,100,32291,-57.24355382919312,102.17845242818197,2,32294,
MA-LONG,32306,32318,garcon,revers,4,att/att,MA-LONG,,defensif,m2,,poussette,14.988838958740235,55.8010139465332,2,MA-LONG,ALEXIS-LEBRUN,22.354448318481445,-88.86215527852376,100,32309,,,,,
ALEXIS-LEBRUN,32319,32339,garcon,coup_droit,4,att/att,ALEXIS-LEBRUN,,defensif,d2,,poussette,-53.63562746047974,-57.88489182790121,2,ALEXIS-LEBRUN,MA-LONG,-25.68267364501953,122.7634501139323,100,32324,,,,,
MA-LONG,32340,32355,garcon,coup_droit,4,att/att,MA-LONG,,defensif,g3,,poussette,-44.079581069946286,93.2000565846761,2,MA-LONG,ALEXIS-LEBRUN,-95.09915885925292,-93.79976431528728,100,32345,,,,,
ALEXIS-LEBRUN,32356,32366,garcon,revers,4,att/att,ALEXIS-LEBRUN,,intermediaire,d2,,topspin,-61.95068235397339,-88.5789553642273,2,ALEXIS-LEBRUN,MA-LONG,-70.04747505187989,178.3398796081543,100,32360,,,,,
MA-LONG,32367,32381,garcon,coup_droit,4,att/att,MA-LONG,,intermediaire,g3,,bloc,-36.00650539398193,116.52865333557129,2,MA-LONG,ALEXIS-LEBRUN,-113.8643949508667,-260.5091325124105,100,32370,,,,,
ALEXIS-LEBRUN,32382,32388,garcon,revers,4,att/att,ALEXIS-LEBRUN,,offensif,g2,,topspin,26.965657806396486,-85.7498828570048,2,ALEXIS-LEBRUN,MA-LONG,-78.17310633659363,198.64062779744467,100,32383,,,,,
MA-LONG,32389,32397,garcon,revers,4,att/att,MA-LONG,,intermediaire,m2,,bloc,13.012750244140625,84.68326784769694,2,MA-LONG,ALEXIS-LEBRUN,6.375832748413086,-245.6259354909261,100,32390,,,,,
ALEXIS-LEBRUN,32398,32407,garcon,coup_droit,4,att/att,ALEXIS-LEBRUN,,offensif,g2,,topspin,36.1479305267334,-74.05218512217203,2,ALEXIS-LEBRUN,MA-LONG,-63.5680477142334,274.01111424763997,100,32401,,,,,
MA-LONG,32408,32418,garcon,revers,4,att/att,MA-LONG,,intermediaire,g2,,bloc,-44.39902973175049,64.43120981852213,2,MA-LONG,ALEXIS-LEBRUN,10.817237854003906,-262.8463124593099,100,32410,,,,,
ALEXIS-LEBRUN,32419,32425,garcon,revers,4,att/att,ALEXIS-LEBRUN,,offensif,m3,,topspin,1.2507164001464843,-91.74247875213624,2,ALEXIS-LEBRUN,MA-LONG,-143.29848937988282,182.55869471232097,100,32421,,,,,
MA-LONG,32426,32435,garcon,revers,4,att/att,MA-LONG,,intermediaire,g2,,topspin,-26.22405376434326,76.51689147949219,2,MA-LONG,ALEXIS-LEBRUN,1.473590087890625,-260.7856908798218,100,32428,,,,,
ALEXIS-LEBRUN,32436,32443,garcon,revers,4,att/att,ALEXIS-LEBRUN,,intermediaire,d2,,bloc,-40.88044128417969,-85.7564242362976,2,ALEXIS-LEBRUN,MA-LONG,-115.88597888946533,179.68073170979818,100,32438,,,,,
MA-LONG,32444,32457,garcon,coup_droit,4,att/att,MA-LONG,,intermediaire,g3,,topspin,-51.741068840026855,116.89462216695149,2,MA-LONG,ALEXIS-LEBRUN,-94.1154161453247,-287.19113121032717,100,32449,,,,,
ALEXIS-LEBRUN,32458,32468,garcon,revers,4,att/att,ALEXIS-LEBRUN,,intermediaire,m3,,bloc,8.335787582397462,-94.09138266245525,2,ALEXIS-LEBRUN,MA-LONG,-130.64369602203368,220.03245366414387,100,32459,,,,,
MA-LONG,32469,32484,garcon,coup_droit,4,att/att,MA-LONG,,intermediaire,g2,,topspin,-52.02253112792969,90.92869110107422,2,MA-LONG,ALEXIS-LEBRUN,-17.989798736572265,-278.1353450139364,100,32477,,,,,
ALEXIS-LEBRUN,32485,32502,garcon,revers,4,att/att,serveur_point_pour,,offensif,,out,topspin,,,,ALEXIS-LEBRUN,MA-LONG,-194.64478912353516,293.64378814697267,100,32488,,,,,
MA-LONG,33128,33151,garcon,coup_droit,4,att/att,MA-LONG,lat_droit,,d2,,,29.005636978149415,64.73645095825195,2,MA-LONG,ALEXIS-LEBRUN,18.98598976135254,-169.07589071591696,100,33138,57.638861083984374,-101.35331099828085,2,33141,
ALEXIS-LEBRUN,33152,33165,garcon,coup_droit,4,att/att,ALEXIS-LEBRUN,,defensif,m2,,poussette,-25.19718952178955,-50.9583376566569,2,ALEXIS-LEBRUN,MA-LONG,-23.363450050354004,104.56388702392579,100,33154,,,,,
MA-LONG,33166,33177,garcon,coup_droit,4,att/att,MA-LONG,,defensif,d2,,poussette,44.57444763183594,50.97898089090983,2,MA-LONG,ALEXIS-LEBRUN,-72.60701854228974,-72.39075752894084,100,33168,,,,,
ALEXIS-LEBRUN,33178,33198,garcon,revers,4,att/att,ALEXIS-LEBRUN,,defensif,m3,,poussette,-11.11844711303711,-115.76026991208394,2,ALEXIS-LEBRUN,MA-LONG,52.18650817871094,121.18918139139811,100,33185,,,,,
MA-LONG,33199,33215,garcon,coup_droit,4,att/att,serveur_point_pour,,offensif,,filet,topspin,,,,MA-LONG,ALEXIS-LEBRUN,-119.05999011993408,-185.88253415425618,100,33205,,,,,
MA-LONG,33697,33720,garcon,coup_droit,4,att/att,MA-LONG,lat_droit,,m2,,,10.520609283447266,74.82911109924316,2,MA-LONG,ALEXIS-LEBRUN,21.24638557434082,-171.538552347819,100,33707,57.97561416625977,-78.27718884150187,2,33710,
ALEXIS-LEBRUN,33721,33733,garcon,revers,4,att/att,ALEXIS-LEBRUN,,intermediaire,g2,,flip,55.7676643371582,-82.49085184733073,2,ALEXIS-LEBRUN,MA-LONG,-62.08096833229065,155.26090049743652,100,33726,,,,,
MA-LONG,33734,33747,garcon,revers,4,att/att,serveur_point_pour,,intermediaire,,out,topspin,,,,MA-LONG,ALEXIS-LEBRUN,43.857598876953126,-155.91887310345967,100,33736,,,,,
ALEXIS-LEBRUN,34119,34131,garcon,coup_droit,4,att/att,ALEXIS-LEBRUN,lat_gauche,,g2,,,29.77116279602051,-46.45210253397624,2,ALEXIS-LEBRUN,MA-LONG,-24.85867519378662,193.15227991739908,100,34119,6.025178146362305,95.49986966451009,2,34121,
MA-LONG,34132,34148,garcon,revers,4,att/att,MA-LONG,,defensif,g2,,poussette,-41.56916446685791,83.8726245880127,2,MA-LONG,ALEXIS-LEBRUN,38.01476402282715,-100.22657801310221,100,34136,,,,,
ALEXIS-LEBRUN,34149,34164,garcon,revers,4,att/att,serveur_point_pour,,offensif,,out,topspin,,,,ALEXIS-LEBRUN,MA-LONG,-122.10241527557373,152.96455408732098,100,34153,,,,,
ALEXIS-LEBRUN,34453,34469,garcon,coup_droit,4,att/att,ALEXIS-LEBRUN,lat_droit,,m2,,,4.019307708740234,-61.51409435272217,2,ALEXIS-LEBRUN,MA-LONG,-106.75046615600586,208.85124181111652,100,34455,-33.739213180541995,89.17291870117188,2,34459,
MA-LONG,34470,34482,garcon,revers,4,att/att,MA-LONG,,defensif,m2,,poussette,5.507893753051758,55.008348592122395,2,MA-LONG,ALEXIS-LEBRUN,-15.814816093444824,-98.75422763824463,100,34473,,,,,
ALEXIS-LEBRUN,34483,34499,garcon,coup_droit,4,att/att,ALEXIS-LEBRUN,,defensif,g2,,poussette,40.48866195678711,-82.09775066375732,2,ALEXIS-LEBRUN,MA-LONG,-18.127502059936525,121.80116182963053,100,34489,,,,,
MA-LONG,34500,34515,garcon,revers,4,att/att,serveur_point_pour,,defensif,,filet,poussette,,,,MA-LONG,ALEXIS-LEBRUN,30.889213180541994,-129.9692459464073,100,34502,,,,,
MA-LONG,35418,35443,garcon,coup_droit,4,att/att,MA-LONG,lat_droit,,m2,,,3.318020248413086,71.09993260701498,2,MA-LONG,ALEXIS-LEBRUN,45.816060638427736,-172.00415744781495,100,35430,49.110546875,-93.86416336695353,2,35432,
ALEXIS-LEBRUN,35444,35461,garcon,revers,4,att/att,serveur_point_pour,,intermediaire,,out,flip,,,,ALEXIS-LEBRUN,MA-LONG,-33.15378742218017,140.2991024017334,100,35448,,,,,
MA-LONG,35790,35813,garcon,coup_droit,4,att/att,MA-LONG,lat_droit,,m2,,,17.44114532470703,64.2120257059733,2,MA-LONG,ALEXIS-LEBRUN,39.388441467285155,-160.63942114512125,100,35800,40.60481719970703,-73.80604286193848,2,35804,
ALEXIS-LEBRUN,35814,35825,garcon,coup_droit,4,att/att,ALEXIS-LEBRUN,,defensif,d1,,poussette,-50.83127851486206,-42.706862386067705,2,ALEXIS-LEBRUN,MA-LONG,-1.281179428100586,88.9735939025879,100,35815,,,,,
MA-LONG,35826,35849,garcon,coup_droit,4,att/att,MA-LONG,,intermediaire,g2,,topspin,-31.313963317871092,76.95031229654948,2,MA-LONG,ALEXIS-LEBRUN,-92.51867475509644,-120.0882448275884,100,35837,,,,,
ALEXIS-LEBRUN,35850,35869,garcon,revers,4,att/att,serveur_point_pour,,intermediaire,,out,bloc,,,,ALEXIS-LEBRUN,MA-LONG,-43.692056274414064,128.09956067403158,100,35852,,,,,
ALEXIS-LEBRUN,36130,36142,garcon,coup_droit,4,att/att,ALEXIS-LEBRUN,lat_droit,,g2,,,40.75978507995605,-62.74324652353923,2,ALEXIS-LEBRUN,MA-LONG,-7.580923461914063,172.08461380004883,100,36130,17.81792869567871,92.8211617787679,2,36133,
MA-LONG,36143,36155,garcon,revers,4,att/att,MA-LONG,,intermediaire,m3,,topspin,-18.304855155944825,106.97062683105469,2,MA-LONG,ALEXIS-LEBRUN,37.53361053466797,-134.7582160751025,100,36147,,,,,
ALEXIS-LEBRUN,36156,36179,garcon,revers,4,att/att,serveur_point_pour,,offensif,,out,topspin,,,,ALEXIS-LEBRUN,MA-LONG,-75.57612343579531,179.2859842936198,100,36157,,,,,
